startDateTime,endDateTime,VSWCMean,VSWCMinimum,VSWCMaximum,VSWCVariance,VSWCNumPts,VSWCExpUncert,VSWCStdErMean,VSWCFinalQF,VSICMean,VSICMinimum,VSICMaximum,VSICVariance,VSICNumPts,VSICExpUncert,VSICStdErMean,VSICFinalQF
"2016-07-21T00:00:00Z","2016-07-21T00:30:00Z",,,,,,,,1,,,,,,,,1
"2016-07-21T00:30:00Z","2016-07-21T01:00:00Z",,,,,,,,1,,,,,,,,1
"2016-07-21T01:00:00Z","2016-07-21T01:30:00Z",,,,,,,,1,,,,,,,,1
"2016-07-21T01:30:00Z","2016-07-21T02:00:00Z",,,,,,,,1,,,,,,,,1
"2016-07-21T02:00:00Z","2016-07-21T02:30:00Z",,,,,,,,1,,,,,,,,1
"2016-07-21T02:30:00Z","2016-07-21T03:00:00Z",,,,,,,,1,,,,,,,,1
"2016-07-21T03:00:00Z","2016-07-21T03:30:00Z",,,,,,,,1,,,,,,,,1
"2016-07-21T03:30:00Z","2016-07-21T04:00:00Z",,,,,,,,1,,,,,,,,1
"2016-07-21T04:00:00Z","2016-07-21T04:30:00Z",,,,,,,,1,,,,,,,,1
"2016-07-21T04:30:00Z","2016-07-21T05:00:00Z",,,,,,,,1,,,,,,,,1
"2016-07-21T05:00:00Z","2016-07-21T05:30:00Z",,,,,,,,1,,,,,,,,1
"2016-07-21T05:30:00Z","2016-07-21T06:00:00Z",,,,,,,,1,,,,,,,,1
"2016-07-21T06:00:00Z","2016-07-21T06:30:00Z",,,,,,,,1,,,,,,,,1
"2016-07-21T06:30:00Z","2016-07-21T07:00:00Z",,,,,,,,1,,,,,,,,1
"2016-07-21T07:00:00Z","2016-07-21T07:30:00Z",,,,,,,,1,,,,,,,,1
"2016-07-21T07:30:00Z","2016-07-21T08:00:00Z",,,,,,,,1,,,,,,,,1
"2016-07-21T08:00:00Z","2016-07-21T08:30:00Z",,,,,,,,1,,,,,,,,1
"2016-07-21T08:30:00Z","2016-07-21T09:00:00Z",,,,,,,,1,,,,,,,,1
"2016-07-21T09:00:00Z","2016-07-21T09:30:00Z",,,,,,,,1,,,,,,,,1
"2016-07-21T09:30:00Z","2016-07-21T10:00:00Z",,,,,,,,1,,,,,,,,1
"2016-07-21T10:00:00Z","2016-07-21T10:30:00Z",,,,,,,,1,,,,,,,,1
"2016-07-21T10:30:00Z","2016-07-21T11:00:00Z",,,,,,,,1,,,,,,,,1
"2016-07-21T11:00:00Z","2016-07-21T11:30:00Z",,,,,,,,1,,,,,,,,1
"2016-07-21T11:30:00Z","2016-07-21T12:00:00Z",,,,,,,,1,,,,,,,,1
"2016-07-21T12:00:00Z","2016-07-21T12:30:00Z",,,,,,,,1,,,,,,,,1
"2016-07-21T12:30:00Z","2016-07-21T13:00:00Z",,,,,,,,1,,,,,,,,1
"2016-07-21T13:00:00Z","2016-07-21T13:30:00Z",,,,,,,,1,,,,,,,,1
"2016-07-21T13:30:00Z","2016-07-21T14:00:00Z",,,,,,,,1,,,,,,,,1
"2016-07-21T14:00:00Z","2016-07-21T14:30:00Z",,,,,,,,1,,,,,,,,1
"2016-07-21T14:30:00Z","2016-07-21T15:00:00Z",,,,,,,,1,,,,,,,,1
"2016-07-21T15:00:00Z","2016-07-21T15:30:00Z",,,,,,,,1,,,,,,,,1
"2016-07-21T15:30:00Z","2016-07-21T16:00:00Z",,,,,,,,1,,,,,,,,1
"2016-07-21T16:00:00Z","2016-07-21T16:30:00Z",,,,,,,,1,,,,,,,,1
"2016-07-21T16:30:00Z","2016-07-21T17:00:00Z",,,,,,,,0,,,,,,,,1
"2016-07-21T17:00:00Z","2016-07-21T17:30:00Z",,,,,,,,0,,,,,,,,1
"2016-07-21T17:30:00Z","2016-07-21T18:00:00Z",,,,,,,,0,,,,,,,,1
"2016-07-21T18:00:00Z","2016-07-21T18:30:00Z",0.2192,0.2191,0.2192,0.0000,161,0.2135,0.0000,1,1660.404,1660.127,1660.953,0.106,172,0.050,0.025,0
"2016-07-21T18:30:00Z","2016-07-21T19:00:00Z",0.2191,0.2191,0.2191,0.0000,163,0.2135,0.0000,0,1660.293,1659.818,1661.521,0.337,180,0.087,0.043,0
"2016-07-21T19:00:00Z","2016-07-21T19:30:00Z",0.2191,0.2191,0.2191,0.0000,180,0.2135,0.0000,0,1659.488,1658.944,1660.643,0.405,180,0.095,0.047,0
"2016-07-21T19:30:00Z","2016-07-21T20:00:00Z",0.2190,0.2190,0.2191,0.0000,44,0.2135,0.0000,0,1659.573,1659.509,1660.333,0.027,46,0.048,0.024,1
"2016-07-21T20:00:00Z","2016-07-21T20:30:00Z",,,,,,,,0,,,,,,,,1
"2016-07-21T20:30:00Z","2016-07-21T21:00:00Z",,,,,,,,1,,,,,,,,1
"2016-07-21T21:00:00Z","2016-07-21T21:30:00Z",0.2188,0.2188,0.2188,0.0000,71,0.2135,0.0000,0,1659.412,1659.150,1659.972,0.082,73,0.067,0.034,1
"2016-07-21T21:30:00Z","2016-07-21T22:00:00Z",0.2188,0.2187,0.2188,0.0000,157,0.2135,0.0000,1,1659.351,1658.842,1659.972,0.167,180,0.061,0.030,0
"2016-07-21T22:00:00Z","2016-07-21T22:30:00Z",0.2187,0.2187,0.2187,0.0000,144,0.2135,0.0000,1,1659.568,1658.534,1660.796,0.378,180,0.092,0.046,0
"2016-07-21T22:30:00Z","2016-07-21T23:00:00Z",0.2186,0.2186,0.2187,0.0000,128,0.2135,0.0000,0,1660.053,1659.098,1661.054,0.207,131,0.080,0.040,1
"2016-07-21T23:00:00Z","2016-07-21T23:30:00Z",,,,,,,,0,,,,,,,,1
"2016-07-21T23:30:00Z","2016-07-22T00:00:00Z",,,,,,,,1,,,,,,,,1
"2016-07-22T00:00:00Z","2016-07-22T00:30:00Z",,,,,,,,1,,,,,,,,1
"2016-07-22T00:30:00Z","2016-07-22T01:00:00Z",0.2185,0.2185,0.2186,0.0000,128,0.2135,0.0000,1,1660.118,1659.920,1660.177,0.012,126,0.019,0.010,1
"2016-07-22T01:00:00Z","2016-07-22T01:30:00Z",0.2185,0.2185,0.2185,0.0000,156,0.2135,0.0000,1,1659.883,1658.790,1660.177,0.190,169,0.067,0.034,0
"2016-07-22T01:30:00Z","2016-07-22T02:00:00Z",0.2185,0.2185,0.2185,0.0000,157,0.2135,0.0000,1,1660.177,1660.177,1660.177,0.000,155,0.000,0.000,1
"2016-07-22T02:00:00Z","2016-07-22T02:30:00Z",0.2185,0.2185,0.2185,0.0000,142,0.2135,0.0000,1,1660.177,1660.177,1660.177,0.000,142,0.000,0.000,1
"2016-07-22T02:30:00Z","2016-07-22T03:00:00Z",0.2185,0.2185,0.2185,0.0000,171,0.2135,0.0000,0,1660.468,1660.177,1660.743,0.081,150,0.046,0.023,1
"2016-07-22T03:00:00Z","2016-07-22T03:30:00Z",0.2185,0.2185,0.2185,0.0000,179,0.2135,0.0000,0,1660.743,1660.743,1660.743,0.000,165,0.000,0.000,0
"2016-07-22T03:30:00Z","2016-07-22T04:00:00Z",0.2185,0.2185,0.2185,0.0000,180,0.2135,0.0000,0,1660.743,1660.743,1660.743,0.000,177,0.000,0.000,0
"2016-07-22T04:00:00Z","2016-07-22T04:30:00Z",0.2185,0.2185,0.2185,0.0000,179,0.2135,0.0000,0,1660.350,1660.177,1660.743,0.069,173,0.040,0.020,0
"2016-07-22T04:30:00Z","2016-07-22T05:00:00Z",0.2185,0.2185,0.2186,0.0000,150,0.2135,0.0000,1,1660.101,1659.920,1660.177,0.014,150,0.019,0.010,1
"2016-07-22T05:00:00Z","2016-07-22T05:30:00Z",0.2186,0.2186,0.2186,0.0000,171,0.2135,0.0000,0,1659.920,1659.920,1659.920,0.000,164,0.000,0.000,0
"2016-07-22T05:30:00Z","2016-07-22T06:00:00Z",0.2186,0.2186,0.2186,0.0000,180,0.2135,0.0000,0,1660.157,1659.920,1660.486,0.079,136,0.048,0.024,1
"2016-07-22T06:00:00Z","2016-07-22T06:30:00Z",0.2186,0.2186,0.2186,0.0000,156,0.2135,0.0000,1,1660.486,1660.486,1660.486,0.000,141,0.000,0.000,1
"2016-07-22T06:30:00Z","2016-07-22T07:00:00Z",0.2186,0.2186,0.2187,0.0000,145,0.2135,0.0000,1,1660.286,1660.229,1660.486,0.011,146,0.018,0.009,1
"2016-07-22T07:00:00Z","2016-07-22T07:30:00Z",0.2187,0.2187,0.2187,0.0000,180,0.2135,0.0000,0,1660.229,1660.229,1660.229,0.000,162,0.000,0.000,1
"2016-07-22T07:30:00Z","2016-07-22T08:00:00Z",0.2187,0.2187,0.2187,0.0000,178,0.2135,0.0000,0,1660.681,1660.229,1660.796,0.052,138,0.039,0.019,1
"2016-07-22T08:00:00Z","2016-07-22T08:30:00Z",0.2187,0.2187,0.2187,0.0000,176,0.2135,0.0000,0,1660.796,1660.796,1660.796,0.000,175,0.000,0.000,0
"2016-07-22T08:30:00Z","2016-07-22T09:00:00Z",0.2187,0.2187,0.2187,0.0000,160,0.2135,0.0000,1,1660.636,1660.539,1661.106,0.032,174,0.027,0.014,0
"2016-07-22T09:00:00Z","2016-07-22T09:30:00Z",0.2187,0.2187,0.2187,0.0000,180,0.2135,0.0000,0,1661.086,1660.539,1661.106,0.011,165,0.017,0.008,0
"2016-07-22T09:30:00Z","2016-07-22T10:00:00Z",0.2187,0.2187,0.2187,0.0000,172,0.2135,0.0000,0,1661.106,1661.106,1661.106,0.000,171,0.000,0.000,0
"2016-07-22T10:00:00Z","2016-07-22T10:30:00Z",0.2188,0.2187,0.2188,0.0000,163,0.2135,0.0000,0,1660.947,1660.849,1661.417,0.038,175,0.029,0.015,0
"2016-07-22T10:30:00Z","2016-07-22T11:00:00Z",0.2188,0.2188,0.2188,0.0000,180,0.2135,0.0000,0,1661.413,1660.849,1661.417,0.002,150,0.008,0.004,1
"2016-07-22T11:00:00Z","2016-07-22T11:30:00Z",0.2188,0.2188,0.2189,0.0000,154,0.2135,0.0000,1,1661.383,1660.591,1661.417,0.011,153,0.017,0.008,1
"2016-07-22T11:30:00Z","2016-07-22T12:00:00Z",0.2189,0.2189,0.2189,0.0000,175,0.2135,0.0000,0,1661.159,1661.159,1661.159,0.000,173,0.000,0.000,0
"2016-07-22T12:00:00Z","2016-07-22T12:30:00Z",0.2189,0.2189,0.2189,0.0000,180,0.2135,0.0000,0,1661.570,1661.159,1662.298,0.294,180,0.081,0.040,0
"2016-07-22T12:30:00Z","2016-07-22T13:00:00Z",0.2189,0.2189,0.2189,0.0000,180,0.2135,0.0000,0,1662.298,1662.298,1662.298,0.000,178,0.000,0.000,0
"2016-07-22T13:00:00Z","2016-07-22T13:30:00Z",0.2189,0.2189,0.2189,0.0000,149,0.2135,0.0000,1,1662.473,1662.039,1662.869,0.066,157,0.041,0.020,1
"2016-07-22T13:30:00Z","2016-07-22T14:00:00Z",0.2189,0.2189,0.2189,0.0000,179,0.2135,0.0000,0,1662.869,1662.869,1662.869,0.000,131,0.000,0.000,1
"2016-07-22T14:00:00Z","2016-07-22T14:30:00Z",0.2189,0.2189,0.2189,0.0000,179,0.2135,0.0000,0,1662.845,1662.298,1663.440,0.048,156,0.035,0.018,1
"2016-07-22T14:30:00Z","2016-07-22T15:00:00Z",0.2188,0.2188,0.2189,0.0000,154,0.2135,0.0000,1,1662.818,1661.986,1663.127,0.153,180,0.058,0.029,0
"2016-07-22T15:00:00Z","2016-07-22T15:30:00Z",0.2188,0.2188,0.2188,0.0000,174,0.2135,0.0000,0,1662.346,1661.986,1662.815,0.083,180,0.043,0.022,0
"2016-07-22T15:30:00Z","2016-07-22T16:00:00Z",0.2187,0.2187,0.2188,0.0000,153,0.2135,0.0000,1,1663.424,1662.556,1663.959,0.164,180,0.060,0.030,0
"2016-07-22T16:00:00Z","2016-07-22T16:30:00Z",0.2187,0.2187,0.2187,0.0000,159,0.2135,0.0000,1,1663.511,1662.245,1664.218,0.174,180,0.062,0.031,0
"2016-07-22T16:30:00Z","2016-07-22T17:00:00Z",0.2187,0.2187,0.2187,0.0000,139,0.2135,0.0000,1,1663.255,1663.074,1663.646,0.071,139,0.045,0.023,0
"2016-07-22T17:00:00Z","2016-07-22T17:30:00Z",,,,,,,,1,,,,,,,,0
"2016-07-22T17:30:00Z","2016-07-22T18:00:00Z",,,,,,,,1,,,,,,,,0
"2016-07-22T18:00:00Z","2016-07-22T18:30:00Z",,,,,,,,1,,,,,,,,0
"2016-07-22T18:30:00Z","2016-07-22T19:00:00Z",0.2184,0.2184,0.2184,0.0000,161,0.2135,0.0000,1,1663.973,1663.020,1665.256,0.334,176,0.087,0.044,0
"2016-07-22T19:00:00Z","2016-07-22T19:30:00Z",0.2184,0.2184,0.2184,0.0000,158,0.2135,0.0000,1,1663.249,1662.137,1664.682,0.451,180,0.100,0.050,0
"2016-07-22T19:30:00Z","2016-07-22T20:00:00Z",0.2183,0.2183,0.2184,0.0000,173,0.2135,0.0000,0,1663.144,1662.395,1663.537,0.080,180,0.042,0.021,0
"2016-07-22T20:00:00Z","2016-07-22T20:30:00Z",0.2183,0.2183,0.2183,0.0000,35,0.2135,0.0000,0,1663.081,1662.653,1663.224,0.067,12,0.149,0.075,1
"2016-07-22T20:30:00Z","2016-07-22T21:00:00Z",,,,,,,,0,,,,,,,,1
"2016-07-22T21:00:00Z","2016-07-22T21:30:00Z",,,,,,,,0,,,,,,,,1
"2016-07-22T21:30:00Z","2016-07-22T22:00:00Z",0.2182,0.2181,0.2182,0.0000,61,0.2135,0.0000,1,1660.958,1660.070,1662.029,0.161,69,0.097,0.048,1
"2016-07-22T22:00:00Z","2016-07-22T22:30:00Z",0.2181,0.2181,0.2182,0.0000,157,0.2135,0.0000,1,1661.488,1660.636,1662.029,0.034,160,0.029,0.014,1
"2016-07-22T22:30:00Z","2016-07-22T23:00:00Z",0.2181,0.2181,0.2181,0.0000,180,0.2135,0.0000,0,1661.730,1661.460,1662.598,0.201,179,0.067,0.034,0
"2016-07-22T23:00:00Z","2016-07-22T23:30:00Z",0.2181,0.2180,0.2181,0.0000,156,0.2135,0.0000,1,1662.788,1662.598,1663.426,0.053,173,0.035,0.017,0
"2016-07-22T23:30:00Z","2016-07-23T00:00:00Z",0.2180,0.2180,0.2180,0.0000,179,0.2135,0.0000,0,1662.868,1662.855,1663.426,0.007,179,0.013,0.006,0
"2016-07-23T00:00:00Z","2016-07-23T00:30:00Z",0.2180,0.2180,0.2180,0.0000,162,0.2135,0.0000,1,1662.785,1661.974,1663.684,0.309,178,0.083,0.042,0
"2016-07-23T00:30:00Z","2016-07-23T01:00:00Z",0.2180,0.2180,0.2180,0.0000,180,0.2135,0.0000,0,1661.974,1661.974,1661.974,0.000,161,0.000,0.000,1
"2016-07-23T01:00:00Z","2016-07-23T01:30:00Z",0.2180,0.2180,0.2180,0.0000,161,0.2135,0.0000,1,1661.705,1661.406,1662.230,0.082,148,0.047,0.024,1
"2016-07-23T01:30:00Z","2016-07-23T02:00:00Z",0.2180,0.2180,0.2180,0.0000,176,0.2135,0.0000,0,1662.226,1661.406,1663.370,0.283,180,0.079,0.040,0
"2016-07-23T02:00:00Z","2016-07-23T02:30:00Z",0.2180,0.2180,0.2180,0.0000,180,0.2135,0.0000,0,1663.373,1662.543,1664.256,0.205,180,0.068,0.034,0
"2016-07-23T02:30:00Z","2016-07-23T03:00:00Z",0.2180,0.2180,0.2180,0.0000,180,0.2135,0.0000,0,1663.655,1663.113,1664.256,0.141,178,0.056,0.028,0
"2016-07-23T03:00:00Z","2016-07-23T03:30:00Z",0.2180,0.2180,0.2180,0.0000,180,0.2135,0.0000,0,1663.341,1663.113,1664.256,0.116,158,0.054,0.027,1
"2016-07-23T03:30:00Z","2016-07-23T04:00:00Z",0.2180,0.2180,0.2180,0.0000,179,0.2135,0.0000,0,1663.371,1662.855,1663.684,0.083,167,0.044,0.022,0
"2016-07-23T04:00:00Z","2016-07-23T04:30:00Z",0.2180,0.2180,0.2180,0.0000,160,0.2135,0.0000,1,1663.326,1662.855,1663.684,0.081,180,0.042,0.021,0
"2016-07-23T04:30:00Z","2016-07-23T05:00:00Z",0.2180,0.2180,0.2180,0.0000,140,0.2135,0.0000,1,1663.479,1662.855,1663.684,0.018,153,0.022,0.011,1
"2016-07-23T05:00:00Z","2016-07-23T05:30:00Z",0.2180,0.2180,0.2180,0.0000,173,0.2135,0.0000,0,1662.920,1662.286,1663.684,0.244,180,0.074,0.037,0
"2016-07-23T05:30:00Z","2016-07-23T06:00:00Z",0.2180,0.2180,0.2180,0.0000,90,0.2135,0.0000,1,1663.433,1662.855,1663.998,0.128,85,0.078,0.039,0
"2016-07-23T06:00:00Z","2016-07-23T06:30:00Z",0.2180,0.2180,0.2180,0.0000,164,0.2135,0.0000,0,1663.912,1663.426,1663.998,0.036,167,0.030,0.015,0
"2016-07-23T06:30:00Z","2016-07-23T07:00:00Z",0.2181,0.2180,0.2181,0.0000,118,0.2135,0.0000,1,1663.462,1662.598,1663.998,0.103,173,0.049,0.024,0
"2016-07-23T07:00:00Z","2016-07-23T07:30:00Z",0.2181,0.2181,0.2181,0.0000,159,0.2135,0.0000,1,1663.292,1663.168,1663.740,0.051,169,0.035,0.017,0
"2016-07-23T07:30:00Z","2016-07-23T08:00:00Z",0.2181,0.2181,0.2181,0.0000,180,0.2135,0.0000,0,1663.995,1663.168,1664.312,0.085,177,0.044,0.022,0
"2016-07-23T08:00:00Z","2016-07-23T08:30:00Z",0.2181,0.2181,0.2181,0.0000,178,0.2135,0.0000,0,1663.740,1663.740,1663.740,0.000,176,0.000,0.000,0
"2016-07-23T08:30:00Z","2016-07-23T09:00:00Z",0.2182,0.2181,0.2182,0.0000,142,0.2135,0.0000,1,1663.556,1663.482,1663.740,0.014,142,0.020,0.010,1
"2016-07-23T09:00:00Z","2016-07-23T09:30:00Z",0.2182,0.2182,0.2182,0.0000,180,0.2135,0.0000,0,1663.764,1663.482,1664.054,0.082,176,0.043,0.022,0
"2016-07-23T09:30:00Z","2016-07-23T10:00:00Z",0.2182,0.2182,0.2182,0.0000,179,0.2135,0.0000,0,1664.054,1664.054,1664.054,0.000,179,0.000,0.000,0
"2016-07-23T10:00:00Z","2016-07-23T10:30:00Z",0.2182,0.2182,0.2183,0.0000,137,0.2135,0.0000,1,1663.988,1663.795,1664.054,0.013,133,0.020,0.010,1
"2016-07-23T10:30:00Z","2016-07-23T11:00:00Z",0.2183,0.2183,0.2183,0.0000,85,0.2135,0.0000,0,1663.795,1663.795,1663.795,0.000,84,0.000,0.000,1
"2016-07-23T11:00:00Z","2016-07-23T11:30:00Z",0.2183,0.2183,0.2183,0.0000,180,0.2135,0.0000,0,1663.795,1663.795,1663.795,0.000,176,0.000,0.000,0
"2016-07-23T11:30:00Z","2016-07-23T12:00:00Z",0.2183,0.2183,0.2183,0.0000,156,0.2135,0.0000,1,1663.170,1662.395,1663.795,0.044,179,0.031,0.016,0
"2016-07-23T12:00:00Z","2016-07-23T12:30:00Z",0.2183,0.2183,0.2184,0.0000,145,0.2135,0.0000,1,1662.938,1661.826,1663.795,0.067,168,0.040,0.020,0
"2016-07-23T12:30:00Z","2016-07-23T13:00:00Z",0.2184,0.2184,0.2184,0.0000,180,0.2135,0.0000,0,1663.689,1662.965,1664.682,0.496,177,0.106,0.053,0
"2016-07-23T13:00:00Z","2016-07-23T13:30:00Z",0.2184,0.2184,0.2184,0.0000,180,0.2135,0.0000,0,1664.016,1663.537,1664.682,0.079,173,0.043,0.021,0
"2016-07-23T13:30:00Z","2016-07-23T14:00:00Z",0.2184,0.2184,0.2184,0.0000,172,0.2135,0.0000,0,1664.512,1663.537,1664.941,0.105,180,0.048,0.024,0
"2016-07-23T14:00:00Z","2016-07-23T14:30:00Z",0.2183,0.2183,0.2184,0.0000,156,0.2135,0.0000,1,1663.369,1662.653,1664.368,0.259,180,0.076,0.038,0
"2016-07-23T14:30:00Z","2016-07-23T15:00:00Z",0.2182,0.2182,0.2183,0.0000,155,0.2135,0.0000,1,1663.245,1662.653,1663.482,0.067,180,0.039,0.019,0
"2016-07-23T15:00:00Z","2016-07-23T15:30:00Z",0.2182,0.2181,0.2182,0.0000,162,0.2135,0.0000,1,1663.825,1663.482,1664.312,0.106,180,0.049,0.024,0
"2016-07-23T15:30:00Z","2016-07-23T16:00:00Z",0.2181,0.2180,0.2181,0.0000,165,0.2135,0.0000,0,1664.130,1663.740,1664.570,0.073,180,0.040,0.020,0
"2016-07-23T16:00:00Z","2016-07-23T16:30:00Z",0.2180,0.2180,0.2180,0.0000,175,0.2135,0.0000,0,1664.331,1663.740,1665.144,0.087,180,0.044,0.022,0
"2016-07-23T16:30:00Z","2016-07-23T17:00:00Z",0.2180,0.2180,0.2180,0.0000,169,0.2135,0.0000,0,1664.894,1664.256,1665.403,0.112,180,0.050,0.025,0
"2016-07-23T17:00:00Z","2016-07-23T17:30:00Z",0.2179,0.2179,0.2180,0.0000,166,0.2135,0.0000,0,1665.730,1664.829,1666.237,0.072,180,0.040,0.020,0
"2016-07-23T17:30:00Z","2016-07-23T18:00:00Z",0.2178,0.2178,0.2179,0.0000,169,0.2135,0.0000,0,1666.448,1665.662,1667.072,0.146,180,0.057,0.028,0
"2016-07-23T18:00:00Z","2016-07-23T18:30:00Z",0.2178,0.2177,0.2178,0.0000,175,0.2135,0.0000,0,1665.282,1664.199,1667.072,1.164,180,0.161,0.080,0
"2016-07-23T18:30:00Z","2016-07-23T19:00:00Z",0.2177,0.2177,0.2178,0.0000,171,0.2135,0.0000,0,1664.291,1663.885,1664.457,0.061,178,0.037,0.019,0
"2016-07-23T19:00:00Z","2016-07-23T19:30:00Z",0.2177,0.2177,0.2177,0.0000,175,0.2135,0.0000,0,1664.676,1664.457,1665.288,0.082,179,0.043,0.021,0
"2016-07-23T19:30:00Z","2016-07-23T20:00:00Z",0.2177,0.2176,0.2177,0.0000,171,0.2135,0.0000,0,1665.955,1665.030,1666.697,0.184,180,0.064,0.032,0
"2016-07-23T20:00:00Z","2016-07-23T20:30:00Z",0.2176,0.2176,0.2176,0.0000,114,0.2135,0.0000,0,1664.777,1664.142,1665.546,0.065,131,0.044,0.022,1
"2016-07-23T20:30:00Z","2016-07-23T21:00:00Z",0.2176,0.2175,0.2176,0.0000,133,0.2135,0.0000,0,1664.833,1664.400,1665.230,0.065,140,0.043,0.022,1
"2016-07-23T21:00:00Z","2016-07-23T21:30:00Z",0.2175,0.2175,0.2176,0.0000,150,0.2135,0.0000,1,1664.131,1663.257,1664.657,0.079,180,0.042,0.021,0
"2016-07-23T21:30:00Z","2016-07-23T22:00:00Z",0.2175,0.2174,0.2175,0.0000,81,0.2135,0.0000,1,1664.375,1664.085,1664.915,0.069,92,0.055,0.027,0
"2016-07-23T22:00:00Z","2016-07-23T22:30:00Z",0.2174,0.2174,0.2174,0.0000,168,0.2135,0.0000,0,1664.290,1663.514,1664.915,0.252,180,0.075,0.037,0
"2016-07-23T22:30:00Z","2016-07-23T23:00:00Z",0.2174,0.2173,0.2174,0.0000,161,0.2135,0.0000,1,1664.390,1663.771,1664.915,0.105,180,0.048,0.024,0
"2016-07-23T23:00:00Z","2016-07-23T23:30:00Z",0.2173,0.2173,0.2173,0.0000,180,0.2135,0.0000,0,1663.805,1663.457,1664.027,0.078,180,0.042,0.021,0
"2016-07-23T23:30:00Z","2016-07-24T00:00:00Z",0.2174,0.2173,0.2176,0.0000,165,0.2135,0.0000,0,1670.892,1655.009,1676.307,37.071,180,0.908,0.454,0
"2016-07-24T00:00:00Z","2016-07-24T00:30:00Z",0.2175,0.2174,0.2175,0.0000,153,0.2135,0.0000,1,1673.767,1672.770,1675.124,0.355,180,0.089,0.044,0
"2016-07-24T00:30:00Z","2016-07-24T01:00:00Z",0.2174,0.2174,0.2174,0.0000,178,0.2135,0.0000,0,1672.004,1671.276,1673.032,0.323,180,0.085,0.042,0
"2016-07-24T01:00:00Z","2016-07-24T01:30:00Z",0.2174,0.2174,0.2174,0.0000,137,0.2135,0.0000,1,1670.729,1670.110,1671.537,0.078,180,0.042,0.021,0
"2016-07-24T01:30:00Z","2016-07-24T02:00:00Z",0.2174,0.2173,0.2174,0.0000,123,0.2135,0.0000,1,1670.306,1669.529,1670.953,0.047,180,0.032,0.016,0
"2016-07-24T02:00:00Z","2016-07-24T02:30:00Z",0.2173,0.2173,0.2173,0.0000,109,0.2135,0.0000,1,1669.995,1669.529,1670.371,0.073,132,0.047,0.023,1
"2016-07-24T02:30:00Z","2016-07-24T03:00:00Z",0.2173,0.2173,0.2173,0.0000,138,0.2135,0.0000,0,1669.484,1669.209,1669.789,0.085,116,0.054,0.027,1
"2016-07-24T03:00:00Z","2016-07-24T03:30:00Z",0.2173,0.2173,0.2173,0.0000,179,0.2135,0.0000,0,1669.209,1669.209,1669.209,0.000,171,0.000,0.000,0
"2016-07-24T03:30:00Z","2016-07-24T04:00:00Z",0.2173,0.2173,0.2173,0.0000,179,0.2135,0.0000,0,1668.964,1668.629,1669.209,0.083,152,0.047,0.023,1
"2016-07-24T04:00:00Z","2016-07-24T04:30:00Z",0.2173,0.2173,0.2173,0.0000,177,0.2135,0.0000,0,1668.629,1668.629,1668.629,0.000,176,0.000,0.000,0
"2016-07-24T04:30:00Z","2016-07-24T05:00:00Z",0.2173,0.2173,0.2173,0.0000,128,0.2135,0.0000,0,1668.629,1668.629,1668.629,0.000,123,0.000,0.000,1
"2016-07-24T05:00:00Z","2016-07-24T05:30:00Z",0.2173,0.2173,0.2173,0.0000,136,0.2135,0.0000,0,1668.365,1667.791,1668.629,0.086,113,0.055,0.028,1
"2016-07-24T05:30:00Z","2016-07-24T06:00:00Z",0.2173,0.2173,0.2174,0.0000,168,0.2135,0.0000,0,1668.039,1667.473,1668.050,0.004,168,0.010,0.005,0
"2016-07-24T06:00:00Z","2016-07-24T06:30:00Z",0.2174,0.2173,0.2174,0.0000,138,0.2135,0.0000,1,1668.060,1667.791,1668.629,0.066,166,0.040,0.020,0
"2016-07-24T06:30:00Z","2016-07-24T07:00:00Z",0.2174,0.2174,0.2174,0.0000,177,0.2135,0.0000,0,1667.915,1667.791,1668.369,0.056,138,0.040,0.020,1
"2016-07-24T07:00:00Z","2016-07-24T07:30:00Z",0.2174,0.2174,0.2174,0.0000,180,0.2135,0.0000,0,1668.169,1667.791,1668.369,0.076,147,0.046,0.023,1
"2016-07-24T07:30:00Z","2016-07-24T08:00:00Z",0.2174,0.2174,0.2174,0.0000,178,0.2135,0.0000,0,1668.369,1668.369,1668.369,0.000,164,0.000,0.000,0
"2016-07-24T08:00:00Z","2016-07-24T08:30:00Z",0.2174,0.2174,0.2175,0.0000,149,0.2135,0.0000,1,1668.300,1667.532,1668.369,0.039,146,0.033,0.016,1
"2016-07-24T08:30:00Z","2016-07-24T09:00:00Z",0.2174,0.2174,0.2175,0.0000,138,0.2135,0.0000,1,1668.242,1667.532,1668.369,0.033,152,0.030,0.015,1
"2016-07-24T09:00:00Z","2016-07-24T09:30:00Z",0.2175,0.2175,0.2175,0.0000,178,0.2135,0.0000,0,1668.090,1667.532,1668.110,0.011,150,0.017,0.008,1
"2016-07-24T09:30:00Z","2016-07-24T10:00:00Z",0.2175,0.2175,0.2175,0.0000,180,0.2135,0.0000,0,1668.028,1667.532,1668.110,0.041,162,0.032,0.016,1
"2016-07-24T10:00:00Z","2016-07-24T10:30:00Z",0.2175,0.2175,0.2175,0.0000,180,0.2135,0.0000,0,1668.110,1668.110,1668.110,0.000,179,0.000,0.000,0
"2016-07-24T10:30:00Z","2016-07-24T11:00:00Z",0.2175,0.2175,0.2175,0.0000,179,0.2135,0.0000,0,1667.813,1666.955,1668.110,0.172,175,0.063,0.031,0
"2016-07-24T11:00:00Z","2016-07-24T11:30:00Z",0.2175,0.2175,0.2175,0.0000,163,0.2135,0.0000,0,1667.523,1666.955,1667.532,0.003,154,0.009,0.005,1
"2016-07-24T11:30:00Z","2016-07-24T12:00:00Z",0.2175,0.2175,0.2176,0.0000,150,0.2135,0.0000,1,1667.516,1667.273,1667.532,0.004,148,0.010,0.005,1
"2016-07-24T12:00:00Z","2016-07-24T12:30:00Z",0.2176,0.2175,0.2176,0.0000,130,0.2135,0.0000,1,1667.342,1667.273,1667.532,0.013,135,0.020,0.010,1
"2016-07-24T12:30:00Z","2016-07-24T13:00:00Z",0.2176,0.2175,0.2176,0.0000,133,0.2135,0.0000,1,1667.318,1667.273,1667.532,0.010,132,0.017,0.009,1
"2016-07-24T13:00:00Z","2016-07-24T13:30:00Z",0.2176,0.2176,0.2176,0.0000,142,0.2135,0.0000,1,1667.278,1667.273,1667.532,0.001,144,0.006,0.003,1
"2016-07-24T13:30:00Z","2016-07-24T14:00:00Z",0.2175,0.2175,0.2176,0.0000,152,0.2135,0.0000,1,1667.773,1667.273,1668.689,0.175,180,0.062,0.031,0
"2016-07-24T14:00:00Z","2016-07-24T14:30:00Z",0.2175,0.2175,0.2175,0.0000,171,0.2135,0.0000,0,1667.145,1666.955,1668.110,0.144,173,0.058,0.029,0
"2016-07-24T14:30:00Z","2016-07-24T15:00:00Z",0.2174,0.2174,0.2175,0.0000,166,0.2135,0.0000,0,1667.244,1666.955,1667.791,0.086,175,0.044,0.022,0
"2016-07-24T15:00:00Z","2016-07-24T15:30:00Z",0.2174,0.2173,0.2174,0.0000,155,0.2135,0.0000,1,1667.649,1667.214,1668.050,0.117,171,0.052,0.026,0
"2016-07-24T15:30:00Z","2016-07-24T16:00:00Z",0.2173,0.2173,0.2173,0.0000,180,0.2135,0.0000,0,1668.050,1668.050,1668.050,0.000,168,0.000,0.000,0
"2016-07-24T16:00:00Z","2016-07-24T16:30:00Z",0.2173,0.2173,0.2173,0.0000,155,0.2135,0.0000,1,1667.519,1666.578,1668.050,0.083,180,0.043,0.022,0
"2016-07-24T16:30:00Z","2016-07-24T17:00:00Z",0.2172,0.2172,0.2173,0.0000,168,0.2135,0.0000,0,1667.216,1666.836,1667.413,0.021,180,0.022,0.011,0
"2016-07-24T17:00:00Z","2016-07-24T17:30:00Z",0.2172,0.2171,0.2172,0.0000,165,0.2135,0.0000,0,1667.435,1666.836,1667.671,0.051,179,0.034,0.017,0
"2016-07-24T17:30:00Z","2016-07-24T18:00:00Z",0.2171,0.2171,0.2171,0.0000,127,0.2135,0.0000,0,1667.671,1667.671,1667.671,0.000,119,0.000,0.000,1
"2016-07-24T18:00:00Z","2016-07-24T18:30:00Z",0.2170,0.2169,0.2170,0.0000,119,0.2135,0.0000,1,1667.967,1667.353,1668.766,0.037,137,0.033,0.016,1
"2016-07-24T18:30:00Z","2016-07-24T19:00:00Z",0.2169,0.2169,0.2169,0.0000,176,0.2135,0.0000,0,1667.333,1666.459,1668.766,0.353,180,0.089,0.044,0
"2016-07-24T19:00:00Z","2016-07-24T19:30:00Z",0.2169,0.2169,0.2169,0.0000,123,0.2135,0.0000,0,1666.567,1666.141,1666.716,0.058,133,0.042,0.021,1
"2016-07-24T19:30:00Z","2016-07-24T20:00:00Z",0.2168,0.2168,0.2168,0.0000,129,0.2135,0.0000,0,1667.270,1666.399,1667.550,0.084,136,0.050,0.025,1
"2016-07-24T20:00:00Z","2016-07-24T20:30:00Z",0.2167,0.2167,0.2168,0.0000,169,0.2135,0.0000,0,1667.330,1666.974,1667.807,0.120,180,0.052,0.026,0
"2016-07-24T20:30:00Z","2016-07-24T21:00:00Z",0.2167,0.2166,0.2167,0.0000,163,0.2135,0.0000,0,1666.940,1666.081,1667.489,0.176,180,0.063,0.031,0
"2016-07-24T21:00:00Z","2016-07-24T21:30:00Z",0.2166,0.2166,0.2166,0.0000,167,0.2135,0.0000,0,1667.526,1666.913,1667.746,0.040,180,0.030,0.015,0
"2016-07-24T21:30:00Z","2016-07-24T22:00:00Z",0.2165,0.2165,0.2166,0.0000,149,0.2135,0.0000,1,1666.620,1666.021,1667.746,0.159,180,0.059,0.030,0
"2016-07-24T22:00:00Z","2016-07-24T22:30:00Z",0.2165,0.2165,0.2165,0.0000,179,0.2135,0.0000,0,1666.856,1666.277,1667.427,0.030,170,0.026,0.013,0
"2016-07-24T22:30:00Z","2016-07-24T23:00:00Z",0.2164,0.2164,0.2165,0.0000,159,0.2135,0.0000,1,1667.642,1666.851,1668.261,0.040,180,0.030,0.015,0
"2016-07-24T23:00:00Z","2016-07-24T23:30:00Z",0.2163,0.2163,0.2164,0.0000,164,0.2135,0.0000,0,1667.852,1667.365,1668.518,0.044,180,0.031,0.016,0
"2016-07-24T23:30:00Z","2016-07-25T00:00:00Z",0.2163,0.2163,0.2163,0.0000,171,0.2135,0.0000,0,1667.775,1667.365,1668.198,0.047,172,0.033,0.017,0
"2016-07-25T00:00:00Z","2016-07-25T00:30:00Z",0.2163,0.2163,0.2163,0.0000,173,0.2135,0.0000,0,1667.627,1667.622,1667.878,0.001,153,0.006,0.003,1
"2016-07-25T00:30:00Z","2016-07-25T01:00:00Z",0.2162,0.2162,0.2163,0.0000,159,0.2135,0.0000,1,1667.838,1667.046,1667.878,0.018,160,0.021,0.011,1
"2016-07-25T01:00:00Z","2016-07-25T01:30:00Z",0.2162,0.2162,0.2162,0.0000,178,0.2135,0.0000,0,1667.595,1667.302,1667.878,0.084,134,0.050,0.025,1
"2016-07-25T01:30:00Z","2016-07-25T02:00:00Z",0.2162,0.2162,0.2162,0.0000,158,0.2135,0.0000,1,1667.299,1666.728,1667.302,0.002,156,0.007,0.004,1
"2016-07-25T02:00:00Z","2016-07-25T02:30:00Z",0.2162,0.2162,0.2172,0.0000,150,0.2135,0.0000,1,1666.587,1663.655,1667.302,0.499,166,0.110,0.055,0
"2016-07-25T02:30:00Z","2016-07-25T03:00:00Z",0.2162,0.2162,0.2163,0.0000,148,0.2135,0.0000,1,1666.764,1663.911,1667.302,0.127,151,0.058,0.029,1
"2016-07-25T03:00:00Z","2016-07-25T03:30:00Z",0.2162,0.2162,0.2162,0.0000,178,0.2135,0.0000,0,1667.283,1666.728,1667.302,0.010,162,0.016,0.008,1
"2016-07-25T03:30:00Z","2016-07-25T04:00:00Z",0.2162,0.2160,0.2162,0.0000,166,0.2135,0.0000,0,1667.775,1667.302,1668.392,0.077,173,0.042,0.021,0
"2016-07-25T04:00:00Z","2016-07-25T04:30:00Z",0.2162,0.2162,0.2162,0.0000,175,0.2135,0.0000,0,1667.798,1667.302,1667.878,0.040,169,0.031,0.015,0
"2016-07-25T04:30:00Z","2016-07-25T05:00:00Z",0.2162,0.2161,0.2162,0.0000,150,0.2135,0.0000,1,1668.202,1667.878,1668.712,0.119,160,0.054,0.027,1
"2016-07-25T05:00:00Z","2016-07-25T05:30:00Z",0.2162,0.2161,0.2162,0.0000,148,0.2135,0.0000,1,1668.402,1667.878,1668.712,0.045,142,0.036,0.018,1
"2016-07-25T05:30:00Z","2016-07-25T06:00:00Z",0.2162,0.2162,0.2162,0.0000,89,0.2135,0.0000,0,1668.375,1667.878,1668.455,0.040,87,0.043,0.021,1
"2016-07-25T06:00:00Z","2016-07-25T06:30:00Z",0.2162,0.2162,0.2162,0.0000,179,0.2135,0.0000,0,1668.290,1667.878,1668.455,0.068,152,0.042,0.021,1
"2016-07-25T06:30:00Z","2016-07-25T07:00:00Z",0.2162,0.2162,0.2162,0.0000,177,0.2135,0.0000,0,1668.459,1667.878,1669.033,0.020,154,0.023,0.011,1
"2016-07-25T07:00:00Z","2016-07-25T07:30:00Z",0.2162,0.2162,0.2162,0.0000,176,0.2135,0.0000,0,1668.829,1668.455,1669.033,0.077,156,0.044,0.022,1
"2016-07-25T07:30:00Z","2016-07-25T08:00:00Z",0.2162,0.2162,0.2162,0.0000,176,0.2135,0.0000,0,1669.033,1669.033,1669.033,0.000,165,0.000,0.000,0
"2016-07-25T08:00:00Z","2016-07-25T08:30:00Z",0.2162,0.2162,0.2162,0.0000,179,0.2135,0.0000,0,1668.911,1668.455,1669.033,0.055,169,0.036,0.018,0
"2016-07-25T08:30:00Z","2016-07-25T09:00:00Z",0.2162,0.2162,0.2162,0.0000,135,0.2135,0.0000,1,1669.008,1668.455,1669.033,0.014,116,0.022,0.011,1
"2016-07-25T09:00:00Z","2016-07-25T09:30:00Z",0.2162,0.2162,0.2162,0.0000,135,0.2135,0.0000,1,1669.033,1669.033,1669.033,0.000,133,0.000,0.000,0
"2016-07-25T09:30:00Z","2016-07-25T10:00:00Z",0.2162,0.2162,0.2162,0.0000,180,0.2135,0.0000,0,1669.033,1669.033,1669.033,0.000,165,0.000,0.000,0
"2016-07-25T10:00:00Z","2016-07-25T10:30:00Z",0.2162,0.2162,0.2162,0.0000,180,0.2135,0.0000,0,1669.428,1669.033,1669.612,0.073,145,0.045,0.022,1
"2016-07-25T10:30:00Z","2016-07-25T11:00:00Z",0.2162,0.2162,0.2162,0.0000,180,0.2135,0.0000,0,1669.612,1669.612,1669.612,0.000,171,0.000,0.000,0
"2016-07-25T11:00:00Z","2016-07-25T11:30:00Z",0.2162,0.2162,0.2162,0.0000,180,0.2135,0.0000,0,1669.385,1668.455,1669.612,0.116,171,0.052,0.026,0
"2016-07-25T11:30:00Z","2016-07-25T12:00:00Z",0.2162,0.2162,0.2162,0.0000,180,0.2135,0.0000,0,1668.927,1668.455,1669.033,0.050,159,0.036,0.018,1
"2016-07-25T12:00:00Z","2016-07-25T12:30:00Z",0.2162,0.2162,0.2162,0.0000,180,0.2135,0.0000,0,1668.778,1668.455,1669.033,0.083,152,0.047,0.023,1
"2016-07-25T12:30:00Z","2016-07-25T13:00:00Z",0.2162,0.2162,0.2162,0.0000,178,0.2135,0.0000,0,1669.019,1668.455,1669.033,0.008,169,0.014,0.007,0
"2016-07-25T13:00:00Z","2016-07-25T13:30:00Z",0.2162,0.2162,0.2162,0.0000,178,0.2135,0.0000,0,1668.890,1668.455,1669.612,0.066,174,0.039,0.020,0
"2016-07-25T13:30:00Z","2016-07-25T14:00:00Z",0.2162,0.2161,0.2162,0.0000,165,0.2135,0.0000,0,1669.524,1669.033,1669.869,0.065,180,0.038,0.019,0
"2016-07-25T14:00:00Z","2016-07-25T14:30:00Z",0.2161,0.2161,0.2162,0.0000,137,0.2135,0.0000,1,1670.744,1669.612,1671.031,0.114,180,0.050,0.025,0
"2016-07-25T14:30:00Z","2016-07-25T15:00:00Z",0.2161,0.2161,0.2161,0.0000,179,0.2135,0.0000,0,1670.213,1669.290,1671.031,0.275,180,0.078,0.039,0
"2016-07-25T15:00:00Z","2016-07-25T15:30:00Z",0.2161,0.2160,0.2161,0.0000,163,0.2135,0.0000,0,1669.784,1669.290,1670.127,0.112,180,0.050,0.025,0
"2016-07-25T15:30:00Z","2016-07-25T16:00:00Z",0.2160,0.2158,0.2160,0.0000,179,0.2135,0.0000,0,1669.358,1668.969,1670.385,0.167,180,0.061,0.030,0
"2016-07-25T16:00:00Z","2016-07-25T16:30:00Z",0.2159,0.2159,0.2159,0.0000,174,0.2135,0.0000,0,1670.308,1669.805,1670.642,0.097,180,0.047,0.023,0
"2016-07-25T16:30:00Z","2016-07-25T17:00:00Z",0.2159,0.2159,0.2159,0.0000,179,0.2135,0.0000,0,1670.062,1670.062,1670.062,0.000,154,0.000,0.000,1
"2016-07-25T17:00:00Z","2016-07-25T17:30:00Z",0.2158,0.2158,0.2159,0.0000,89,0.2135,0.0000,0,1670.190,1670.062,1670.320,0.017,89,0.027,0.014,1
"2016-07-25T17:30:00Z","2016-07-25T18:00:00Z",0.2158,0.2157,0.2158,0.0000,164,0.2135,0.0000,0,1670.359,1669.740,1670.577,0.011,175,0.016,0.008,0
"2016-07-25T18:00:00Z","2016-07-25T18:30:00Z",0.2157,0.2156,0.2157,0.0000,167,0.2135,0.0000,0,1670.639,1669.997,1670.835,0.018,180,0.020,0.010,0
"2016-07-25T18:30:00Z","2016-07-25T19:00:00Z",0.2156,0.2156,0.2156,0.0000,121,0.2135,0.0000,1,1670.872,1670.835,1671.416,0.011,136,0.018,0.009,0
"2016-07-25T19:00:00Z","2016-07-25T19:30:00Z",0.2156,0.2156,0.2156,0.0000,122,0.2135,0.0000,1,1670.513,1669.932,1670.768,0.010,134,0.017,0.008,0
"2016-07-25T19:30:00Z","2016-07-25T20:00:00Z",0.2155,0.2155,0.2156,0.0000,169,0.2135,0.0000,0,1670.223,1669.932,1670.768,0.018,166,0.021,0.010,0
"2016-07-25T20:00:00Z","2016-07-25T20:30:00Z",0.2154,0.2154,0.2155,0.0000,163,0.2135,0.0000,0,1670.104,1669.610,1670.445,0.076,177,0.041,0.021,0
"2016-07-25T20:30:00Z","2016-07-25T21:00:00Z",0.2154,0.2153,0.2154,0.0000,160,0.2135,0.0000,1,1670.325,1669.866,1670.702,0.063,180,0.037,0.019,0
"2016-07-25T21:00:00Z","2016-07-25T21:30:00Z",0.2153,0.2152,0.2153,0.0000,172,0.2135,0.0000,0,1670.041,1669.544,1670.379,0.063,180,0.037,0.019,0
"2016-07-25T21:30:00Z","2016-07-25T22:00:00Z",0.2152,0.2152,0.2152,0.0000,175,0.2135,0.0000,0,1669.966,1669.800,1670.379,0.039,180,0.029,0.015,0
"2016-07-25T22:00:00Z","2016-07-25T22:30:00Z",0.2152,0.2151,0.2152,0.0000,163,0.2135,0.0000,0,1669.562,1669.478,1670.056,0.028,177,0.025,0.013,0
"2016-07-25T22:30:00Z","2016-07-25T23:00:00Z",0.2151,0.2150,0.2151,0.0000,169,0.2135,0.0000,0,1669.710,1669.156,1669.989,0.017,176,0.020,0.010,0
"2016-07-25T23:00:00Z","2016-07-25T23:30:00Z",0.2150,0.2149,0.2150,0.0000,159,0.2135,0.0000,1,1669.461,1669.156,1669.989,0.015,180,0.018,0.009,0
"2016-07-25T23:30:00Z","2016-07-26T00:00:00Z",0.2149,0.2149,0.2149,0.0000,180,0.2135,0.0000,0,1669.394,1669.090,1669.667,0.084,180,0.043,0.022,0
"2016-07-26T00:00:00Z","2016-07-26T00:30:00Z",0.2149,0.2149,0.2149,0.0000,168,0.2135,0.0000,0,1669.327,1669.090,1669.345,0.004,174,0.010,0.005,0
"2016-07-26T00:30:00Z","2016-07-26T01:00:00Z",0.2148,0.2148,0.2149,0.0000,161,0.2135,0.0000,1,1669.291,1668.768,1669.600,0.032,168,0.028,0.014,0
"2016-07-26T01:00:00Z","2016-07-26T01:30:00Z",0.2148,0.2148,0.2148,0.0000,169,0.2135,0.0000,0,1669.059,1668.768,1669.600,0.031,161,0.028,0.014,1
"2016-07-26T01:30:00Z","2016-07-26T02:00:00Z",0.2148,0.2148,0.2148,0.0000,180,0.2135,0.0000,0,1669.045,1669.023,1669.600,0.013,180,0.017,0.008,0
"2016-07-26T02:00:00Z","2016-07-26T02:30:00Z",0.2148,0.2148,0.2148,0.0000,180,0.2135,0.0000,0,1669.188,1669.023,1669.600,0.068,164,0.041,0.020,0
"2016-07-26T02:30:00Z","2016-07-26T03:00:00Z",0.2148,0.2148,0.2148,0.0000,180,0.2135,0.0000,0,1669.033,1669.023,1669.600,0.006,172,0.012,0.006,0
"2016-07-26T03:00:00Z","2016-07-26T03:30:00Z",0.2148,0.2147,0.2148,0.0000,160,0.2135,0.0000,1,1669.434,1669.023,1670.433,0.109,178,0.049,0.025,0
"2016-07-26T03:30:00Z","2016-07-26T04:00:00Z",0.2147,0.2147,0.2147,0.0000,136,0.2135,0.0000,1,1669.869,1668.835,1670.433,0.065,180,0.038,0.019,0
"2016-07-26T04:00:00Z","2016-07-26T04:30:00Z",0.2147,0.2147,0.2147,0.0000,180,0.2135,0.0000,0,1670.355,1669.855,1670.433,0.039,170,0.030,0.015,0
"2016-07-26T04:30:00Z","2016-07-26T05:00:00Z",0.2147,0.2147,0.2147,0.0000,179,0.2135,0.0000,0,1670.433,1670.433,1670.433,0.000,178,0.000,0.000,0
"2016-07-26T05:00:00Z","2016-07-26T05:30:00Z",0.2147,0.2147,0.2147,0.0000,179,0.2135,0.0000,0,1670.660,1669.855,1671.012,0.093,180,0.045,0.023,0
"2016-07-26T05:30:00Z","2016-07-26T06:00:00Z",0.2147,0.2147,0.2147,0.0000,180,0.2135,0.0000,0,1670.944,1670.433,1671.012,0.035,160,0.030,0.015,1
"2016-07-26T06:00:00Z","2016-07-26T06:30:00Z",0.2147,0.2147,0.2148,0.0000,171,0.2135,0.0000,0,1670.572,1670.178,1671.012,0.075,180,0.041,0.020,0
"2016-07-26T06:30:00Z","2016-07-26T07:00:00Z",0.2148,0.2147,0.2148,0.0000,125,0.2135,0.0000,1,1670.681,1670.178,1671.593,0.090,180,0.045,0.022,0
"2016-07-26T07:00:00Z","2016-07-26T07:30:00Z",0.2148,0.2147,0.2148,0.0000,167,0.2135,0.0000,0,1670.301,1670.178,1671.012,0.055,180,0.035,0.017,0
"2016-07-26T07:30:00Z","2016-07-26T08:00:00Z",0.2148,0.2148,0.2148,0.0000,179,0.2135,0.0000,0,1671.131,1670.178,1671.336,0.112,174,0.051,0.025,0
"2016-07-26T08:00:00Z","2016-07-26T08:30:00Z",0.2148,0.2148,0.2148,0.0000,180,0.2135,0.0000,0,1671.169,1670.757,1671.336,0.069,177,0.040,0.020,0
"2016-07-26T08:30:00Z","2016-07-26T09:00:00Z",0.2148,0.2148,0.2149,0.0000,121,0.2135,0.0000,1,1670.608,1669.922,1670.757,0.031,174,0.027,0.013,0
"2016-07-26T09:00:00Z","2016-07-26T09:30:00Z",0.2149,0.2148,0.2149,0.0000,79,0.2135,0.0000,1,1670.515,1670.501,1670.757,0.004,71,0.014,0.007,1
"2016-07-26T09:30:00Z","2016-07-26T10:00:00Z",0.2149,0.2149,0.2149,0.0000,165,0.2135,0.0000,0,1670.993,1670.501,1671.661,0.154,165,0.061,0.031,0
"2016-07-26T10:00:00Z","2016-07-26T10:30:00Z",0.2149,0.2149,0.2149,0.0000,180,0.2135,0.0000,0,1671.661,1671.661,1671.661,0.000,156,0.000,0.000,1
"2016-07-26T10:30:00Z","2016-07-26T11:00:00Z",0.2149,0.2149,0.2149,0.0000,180,0.2135,0.0000,0,1671.500,1670.501,1671.661,0.072,159,0.043,0.021,1
"2016-07-26T11:00:00Z","2016-07-26T11:30:00Z",0.2149,0.2149,0.2149,0.0000,167,0.2135,0.0000,0,1671.299,1670.824,1671.661,0.092,178,0.045,0.023,0
"2016-07-26T11:30:00Z","2016-07-26T12:00:00Z",0.2149,0.2149,0.2149,0.0000,156,0.2135,0.0000,1,1671.318,1670.824,1671.661,0.046,172,0.033,0.016,0
"2016-07-26T12:00:00Z","2016-07-26T12:30:00Z",0.2149,0.2149,0.2149,0.0000,180,0.2135,0.0000,0,1671.405,1671.405,1671.405,0.000,180,0.000,0.000,0
"2016-07-26T12:30:00Z","2016-07-26T13:00:00Z",0.2149,0.2149,0.2149,0.0000,180,0.2135,0.0000,0,1671.418,1671.405,1671.986,0.008,172,0.013,0.007,0
"2016-07-26T13:00:00Z","2016-07-26T13:30:00Z",0.2149,0.2149,0.2149,0.0000,180,0.2135,0.0000,0,1671.266,1670.824,1671.986,0.131,167,0.056,0.028,0
"2016-07-26T13:30:00Z","2016-07-26T14:00:00Z",0.2149,0.2149,0.2149,0.0000,180,0.2135,0.0000,0,1670.824,1670.824,1670.824,0.000,170,0.000,0.000,0
"2016-07-26T14:00:00Z","2016-07-26T14:30:00Z",0.2149,0.2149,0.2149,0.0000,180,0.2135,0.0000,0,1670.766,1670.245,1670.824,0.031,159,0.028,0.014,1
"2016-07-26T14:30:00Z","2016-07-26T15:00:00Z",0.2149,0.2149,0.2149,0.0000,180,0.2135,0.0000,0,1671.019,1670.824,1671.986,0.106,179,0.049,0.024,0
"2016-07-26T15:00:00Z","2016-07-26T15:30:00Z",0.2149,0.2149,0.2149,0.0000,159,0.2135,0.0000,1,1671.531,1670.824,1672.242,0.092,180,0.045,0.023,0
"2016-07-26T15:30:00Z","2016-07-26T16:00:00Z",0.2148,0.2146,0.2158,0.0000,163,0.2135,0.0000,0,1672.223,1669.162,1673.082,0.443,180,0.099,0.050,0
"2016-07-26T16:00:00Z","2016-07-26T16:30:00Z",0.2148,0.2148,0.2149,0.0000,137,0.2135,0.0000,1,1672.044,1671.216,1672.499,0.074,180,0.041,0.020,0
"2016-07-26T16:30:00Z","2016-07-26T17:00:00Z",0.2148,0.2148,0.2148,0.0000,180,0.2135,0.0000,0,1671.764,1671.336,1671.917,0.066,159,0.041,0.020,1
"2016-07-26T17:00:00Z","2016-07-26T17:30:00Z",0.2148,0.2148,0.2148,0.0000,178,0.2135,0.0000,0,1671.917,1671.917,1671.917,0.000,178,0.000,0.000,0
"2016-07-26T17:30:00Z","2016-07-26T18:00:00Z",0.2147,0.2147,0.2148,0.0000,156,0.2135,0.0000,1,1672.135,1671.917,1672.499,0.012,153,0.018,0.009,1
"2016-07-26T18:00:00Z","2016-07-26T18:30:00Z",0.2147,0.2147,0.2147,0.0000,179,0.2135,0.0000,0,1672.161,1671.593,1672.174,0.007,179,0.013,0.006,0
"2016-07-26T18:30:00Z","2016-07-26T19:00:00Z",0.2147,0.2146,0.2147,0.0000,159,0.2135,0.0000,1,1671.688,1671.593,1671.849,0.015,180,0.019,0.009,0
"2016-07-26T19:00:00Z","2016-07-26T19:30:00Z",0.2146,0.2145,0.2146,0.0000,153,0.2135,0.0000,1,1672.522,1671.849,1673.013,0.072,172,0.041,0.021,0
"2016-07-26T19:30:00Z","2016-07-26T20:00:00Z",0.2145,0.2145,0.2145,0.0000,172,0.2135,0.0000,0,1672.686,1672.686,1672.686,0.000,166,0.000,0.000,0
"2016-07-26T20:00:00Z","2016-07-26T20:30:00Z",0.2145,0.2145,0.2145,0.0000,163,0.2135,0.0000,0,1672.894,1672.686,1673.526,0.047,175,0.033,0.016,0
"2016-07-26T20:30:00Z","2016-07-26T21:00:00Z",0.2145,0.2145,0.2145,0.0000,180,0.2135,0.0000,0,1672.235,1671.779,1672.943,0.099,180,0.047,0.023,0
"2016-07-26T21:00:00Z","2016-07-26T21:30:00Z",0.2145,0.2145,0.2145,0.0000,175,0.2135,0.0000,0,1672.342,1671.779,1672.617,0.010,163,0.016,0.008,0
"2016-07-26T21:30:00Z","2016-07-26T22:00:00Z",0.2144,0.2144,0.2145,0.0000,130,0.2135,0.0000,1,1672.122,1671.779,1672.617,0.085,160,0.046,0.023,1
"2016-07-26T22:00:00Z","2016-07-26T22:30:00Z",0.2144,0.2143,0.2144,0.0000,167,0.2135,0.0000,0,1672.058,1672.035,1672.291,0.005,168,0.011,0.006,0
"2016-07-26T22:30:00Z","2016-07-26T23:00:00Z",0.2143,0.2143,0.2143,0.0000,177,0.2135,0.0000,0,1672.264,1671.710,1672.291,0.013,159,0.018,0.009,1
"2016-07-26T23:00:00Z","2016-07-26T23:30:00Z",0.2143,0.2142,0.2143,0.0000,86,0.2135,0.0000,1,1671.980,1671.710,1672.547,0.054,92,0.048,0.024,1
"2016-07-26T23:30:00Z","2016-07-27T00:00:00Z",0.2142,0.2142,0.2142,0.0000,161,0.2135,0.0000,0,1671.965,1671.965,1671.965,0.000,160,0.000,0.000,1
"2016-07-27T00:00:00Z","2016-07-27T00:30:00Z",0.2142,0.2142,0.2142,0.0000,83,0.2135,0.0000,1,1672.193,1671.965,1672.221,0.006,83,0.018,0.009,1
"2016-07-27T00:30:00Z","2016-07-27T01:00:00Z",0.2142,0.2142,0.2142,0.0000,179,0.2135,0.0000,0,1671.975,1671.061,1672.221,0.098,177,0.047,0.024,0
"2016-07-27T01:00:00Z","2016-07-27T01:30:00Z",0.2142,0.2142,0.2142,0.0000,166,0.2135,0.0000,0,1672.013,1671.061,1672.476,0.092,176,0.046,0.023,0
"2016-07-27T01:30:00Z","2016-07-27T02:00:00Z",0.2141,0.2141,0.2142,0.0000,136,0.2135,0.0000,1,1672.132,1671.640,1672.476,0.083,177,0.043,0.022,0
"2016-07-27T02:00:00Z","2016-07-27T02:30:00Z",0.2141,0.2141,0.2142,0.0000,159,0.2135,0.0000,1,1671.887,1671.640,1671.895,0.002,159,0.007,0.004,1
"2016-07-27T02:30:00Z","2016-07-27T03:00:00Z",0.2141,0.2141,0.2141,0.0000,180,0.2135,0.0000,0,1671.895,1671.895,1671.895,0.000,176,0.000,0.000,0
"2016-07-27T03:00:00Z","2016-07-27T03:30:00Z",0.2141,0.2141,0.2141,0.0000,90,0.2135,0.0000,0,1672.121,1671.895,1672.476,0.081,72,0.067,0.034,1
"2016-07-27T03:30:00Z","2016-07-27T04:00:00Z",0.2141,0.2141,0.2141,0.0000,180,0.2135,0.0000,0,1671.988,1671.895,1672.476,0.046,131,0.037,0.019,1
"2016-07-27T04:00:00Z","2016-07-27T04:30:00Z",0.2141,0.2141,0.2141,0.0000,179,0.2135,0.0000,0,1671.895,1671.895,1671.895,0.000,179,0.000,0.000,0
"2016-07-27T04:30:00Z","2016-07-27T05:00:00Z",0.2141,0.2140,0.2141,0.0000,168,0.2135,0.0000,0,1671.918,1671.895,1672.476,0.010,149,0.017,0.008,1
"2016-07-27T05:00:00Z","2016-07-27T05:30:00Z",0.2141,0.2140,0.2141,0.0000,129,0.2135,0.0000,1,1671.929,1671.315,1672.150,0.026,138,0.027,0.014,1
"2016-07-27T05:30:00Z","2016-07-27T06:00:00Z",0.2140,0.2140,0.2140,0.0000,148,0.2135,0.0000,1,1672.150,1672.150,1672.150,0.000,148,0.000,0.000,1
"2016-07-27T06:00:00Z","2016-07-27T06:30:00Z",0.2140,0.2140,0.2140,0.0000,107,0.2135,0.0000,1,1672.286,1672.150,1672.732,0.061,103,0.049,0.024,0
"2016-07-27T06:30:00Z","2016-07-27T07:00:00Z",0.2140,0.2140,0.2140,0.0000,162,0.2135,0.0000,1,1672.150,1672.150,1672.150,0.000,139,0.000,0.000,1
"2016-07-27T07:00:00Z","2016-07-27T07:30:00Z",0.2140,0.2140,0.2140,0.0000,180,0.2135,0.0000,0,1672.227,1672.150,1672.732,0.039,151,0.032,0.016,1
"2016-07-27T07:30:00Z","2016-07-27T08:00:00Z",0.2140,0.2140,0.2140,0.0000,180,0.2135,0.0000,0,1672.150,1672.150,1672.150,0.000,164,0.000,0.000,0
"2016-07-27T08:00:00Z","2016-07-27T08:30:00Z",0.2140,0.2140,0.2140,0.0000,180,0.2135,0.0000,0,1672.260,1672.150,1672.732,0.052,175,0.034,0.017,0
"2016-07-27T08:30:00Z","2016-07-27T09:00:00Z",0.2140,0.2140,0.2140,0.0000,180,0.2135,0.0000,0,1672.732,1672.732,1672.732,0.000,175,0.000,0.000,0
"2016-07-27T09:00:00Z","2016-07-27T09:30:00Z",0.2140,0.2140,0.2140,0.0000,180,0.2135,0.0000,0,1672.732,1672.732,1672.732,0.000,180,0.000,0.000,0
"2016-07-27T09:30:00Z","2016-07-27T10:00:00Z",0.2140,0.2140,0.2140,0.0000,176,0.2135,0.0000,0,1672.764,1672.732,1673.314,0.017,154,0.021,0.011,1
"2016-07-27T10:00:00Z","2016-07-27T10:30:00Z",0.2140,0.2140,0.2140,0.0000,175,0.2135,0.0000,0,1673.233,1672.732,1673.569,0.043,150,0.034,0.017,1
"2016-07-27T10:30:00Z","2016-07-27T11:00:00Z",0.2140,0.2140,0.2140,0.0000,167,0.2135,0.0000,0,1673.314,1673.314,1673.314,0.000,158,0.000,0.000,1
"2016-07-27T11:00:00Z","2016-07-27T11:30:00Z",0.2140,0.2140,0.2140,0.0000,144,0.2135,0.0000,1,1673.314,1673.314,1673.314,0.000,143,0.000,0.000,1
"2016-07-27T11:30:00Z","2016-07-27T12:00:00Z",0.2140,0.2139,0.2140,0.0000,135,0.2135,0.0000,1,1673.343,1672.732,1674.153,0.032,160,0.028,0.014,1
"2016-07-27T12:00:00Z","2016-07-27T12:30:00Z",0.2139,0.2139,0.2139,0.0000,159,0.2135,0.0000,1,1673.158,1672.987,1673.569,0.066,169,0.039,0.020,0
"2016-07-27T12:30:00Z","2016-07-27T13:00:00Z",0.2139,0.2139,0.2139,0.0000,180,0.2135,0.0000,0,1672.987,1672.987,1672.987,0.000,179,0.000,0.000,0
"2016-07-27T13:00:00Z","2016-07-27T13:30:00Z",0.2139,0.2139,0.2139,0.0000,107,0.2135,0.0000,1,1672.987,1672.987,1672.987,0.000,105,0.000,0.000,0
"2016-07-27T13:30:00Z","2016-07-27T14:00:00Z",0.2139,0.2139,0.2139,0.0000,143,0.2135,0.0000,1,1673.661,1672.987,1674.409,0.067,159,0.041,0.021,0
"2016-07-27T14:00:00Z","2016-07-27T14:30:00Z",0.2139,0.2139,0.2139,0.0000,173,0.2135,0.0000,0,1673.555,1672.660,1674.409,0.156,168,0.061,0.031,0
"2016-07-27T14:30:00Z","2016-07-27T15:00:00Z",0.2138,0.2138,0.2139,0.0000,131,0.2135,0.0000,1,1673.267,1672.080,1673.498,0.077,180,0.041,0.021,0
"2016-07-27T15:00:00Z","2016-07-27T15:30:00Z",0.2138,0.2138,0.2138,0.0000,176,0.2135,0.0000,0,1672.942,1672.334,1673.498,0.027,170,0.025,0.012,0
"2016-07-27T15:30:00Z","2016-07-27T16:00:00Z",0.2137,0.2137,0.2138,0.0000,163,0.2135,0.0000,0,1673.377,1672.915,1674.337,0.137,180,0.055,0.028,0
"2016-07-27T16:00:00Z","2016-07-27T16:30:00Z",0.2136,0.2136,0.2137,0.0000,175,0.2135,0.0000,0,1674.009,1673.753,1674.592,0.049,180,0.033,0.017,0
"2016-07-27T16:30:00Z","2016-07-27T17:00:00Z",0.2136,0.2135,0.2136,0.0000,90,0.2135,0.0000,0,1674.560,1674.009,1675.433,0.120,90,0.073,0.036,1
"2016-07-27T17:00:00Z","2016-07-27T17:30:00Z",0.2135,0.2135,0.2135,0.0000,158,0.2135,0.0000,1,1675.264,1674.848,1675.689,0.091,180,0.045,0.022,0
"2016-07-27T17:30:00Z","2016-07-27T18:00:00Z",0.2135,0.2134,0.2135,0.0000,172,0.2135,0.0000,0,1675.220,1675.104,1675.689,0.047,180,0.032,0.016,0
"2016-07-27T18:00:00Z","2016-07-27T18:30:00Z",0.2134,0.2134,0.2134,0.0000,170,0.2135,0.0000,0,1675.360,1675.360,1675.360,0.000,162,0.000,0.000,1
"2016-07-27T18:30:00Z","2016-07-27T19:00:00Z",0.2133,0.2133,0.2134,0.0000,85,0.2135,0.0000,0,1675.086,1674.775,1675.615,0.024,85,0.034,0.017,1
"2016-07-27T19:00:00Z","2016-07-27T19:30:00Z",0.2133,0.2132,0.2133,0.0000,90,0.2135,0.0000,1,1675.130,1674.701,1675.285,0.050,90,0.047,0.024,0
"2016-07-27T19:30:00Z","2016-07-27T20:00:00Z",0.2132,0.2132,0.2132,0.0000,157,0.2135,0.0000,1,1674.840,1674.701,1675.541,0.022,167,0.023,0.011,0
"2016-07-27T20:00:00Z","2016-07-27T20:30:00Z",0.2131,0.2131,0.2132,0.0000,170,0.2135,0.0000,0,1674.972,1674.627,1675.211,0.012,174,0.016,0.008,0
"2016-07-27T20:30:00Z","2016-07-27T21:00:00Z",0.2131,0.2130,0.2131,0.0000,167,0.2135,0.0000,0,1674.907,1674.627,1675.466,0.078,180,0.042,0.021,0
"2016-07-27T21:00:00Z","2016-07-27T21:30:00Z",0.2130,0.2129,0.2130,0.0000,158,0.2135,0.0000,1,1674.730,1674.298,1675.466,0.073,180,0.040,0.020,0
"2016-07-27T21:30:00Z","2016-07-27T22:00:00Z",0.2129,0.2129,0.2129,0.0000,175,0.2135,0.0000,0,1674.769,1674.298,1675.136,0.086,180,0.044,0.022,0
"2016-07-27T22:00:00Z","2016-07-27T22:30:00Z",0.2129,0.2129,0.2129,0.0000,94,0.2135,0.0000,1,1674.786,1674.223,1675.391,0.107,108,0.063,0.031,0
"2016-07-27T22:30:00Z","2016-07-27T23:00:00Z",0.2131,0.2129,0.2135,0.0000,161,0.2135,0.0000,1,1685.866,1669.019,1706.049,163.530,162,2.009,1.005,0
"2016-07-27T23:00:00Z","2016-07-27T23:30:00Z",0.2138,0.2135,0.2140,0.0000,177,0.2135,0.0000,0,1716.356,1706.049,1722.085,8.897,177,0.448,0.224,0
"2016-07-27T23:30:00Z","2016-07-28T00:00:00Z",0.2133,0.2132,0.2135,0.0000,169,0.2135,0.0000,0,1712.419,1709.722,1715.036,1.146,180,0.160,0.080,0
"2016-07-28T00:00:00Z","2016-07-28T00:30:00Z",0.2132,0.2131,0.2132,0.0000,161,0.2135,0.0000,1,1710.347,1708.706,1711.669,0.417,180,0.096,0.048,0
"2016-07-28T00:30:00Z","2016-07-28T01:00:00Z",0.2131,0.2130,0.2131,0.0000,159,0.2135,0.0000,1,1709.810,1708.336,1710.922,0.283,180,0.079,0.040,0
"2016-07-28T01:00:00Z","2016-07-28T01:30:00Z",0.2130,0.2129,0.2130,0.0000,162,0.2135,0.0000,1,1709.359,1707.966,1710.548,0.319,180,0.084,0.042,0
"2016-07-28T01:30:00Z","2016-07-28T02:00:00Z",0.2129,0.2129,0.2129,0.0000,171,0.2135,0.0000,0,1709.089,1707.597,1710.176,0.261,180,0.076,0.038,0
"2016-07-28T02:00:00Z","2016-07-28T02:30:00Z",0.2129,0.2129,0.2129,0.0000,160,0.2135,0.0000,1,1708.836,1706.955,1710.176,0.281,180,0.079,0.040,0
"2016-07-28T02:30:00Z","2016-07-28T03:00:00Z",0.2129,0.2129,0.2129,0.0000,167,0.2135,0.0000,0,1708.471,1707.229,1709.804,0.291,180,0.080,0.040,0
"2016-07-28T03:00:00Z","2016-07-28T03:30:00Z",0.2129,0.2129,0.2129,0.0000,180,0.2135,0.0000,0,1707.860,1705.948,1708.514,0.316,180,0.084,0.042,0
"2016-07-28T03:30:00Z","2016-07-28T04:00:00Z",0.2129,0.2129,0.2129,0.0000,172,0.2135,0.0000,0,1707.484,1705.309,1708.788,0.349,180,0.088,0.044,0
"2016-07-28T04:00:00Z","2016-07-28T04:30:00Z",0.2129,0.2129,0.2129,0.0000,156,0.2135,0.0000,1,1707.437,1705.581,1708.514,0.281,180,0.079,0.040,0
"2016-07-28T04:30:00Z","2016-07-28T05:00:00Z",0.2129,0.2129,0.2129,0.0000,141,0.2135,0.0000,1,1707.345,1705.309,1708.788,0.393,180,0.093,0.047,0
"2016-07-28T05:00:00Z","2016-07-28T05:30:00Z",0.2128,0.2128,0.2129,0.0000,127,0.2135,0.0000,1,1707.607,1705.309,1708.788,0.436,180,0.098,0.049,0
"2016-07-28T05:30:00Z","2016-07-28T06:00:00Z",0.2129,0.2129,0.2129,0.0000,175,0.2135,0.0000,0,1707.743,1705.948,1709.158,0.318,180,0.084,0.042,0
"2016-07-28T06:00:00Z","2016-07-28T06:30:00Z",0.2129,0.2129,0.2129,0.0000,180,0.2135,0.0000,0,1707.757,1706.587,1709.158,0.287,180,0.080,0.040,0
"2016-07-28T06:30:00Z","2016-07-28T07:00:00Z",0.2129,0.2129,0.2129,0.0000,180,0.2135,0.0000,0,1707.732,1706.587,1708.514,0.250,180,0.075,0.037,0
"2016-07-28T07:00:00Z","2016-07-28T07:30:00Z",0.2129,0.2129,0.2129,0.0000,180,0.2135,0.0000,0,1707.714,1705.948,1708.514,0.298,180,0.081,0.041,0
"2016-07-28T07:30:00Z","2016-07-28T08:00:00Z",0.2129,0.2129,0.2129,0.0000,180,0.2135,0.0000,0,1707.557,1705.948,1708.514,0.361,180,0.090,0.045,0
"2016-07-28T08:00:00Z","2016-07-28T08:30:00Z",0.2129,0.2129,0.2129,0.0000,180,0.2135,0.0000,0,1707.001,1705.309,1708.514,0.439,180,0.099,0.049,0
"2016-07-28T08:30:00Z","2016-07-28T09:00:00Z",0.2129,0.2129,0.2129,0.0000,147,0.2135,0.0000,1,1706.584,1704.035,1707.871,0.281,180,0.079,0.039,0
"2016-07-28T09:00:00Z","2016-07-28T09:30:00Z",0.2129,0.2129,0.2129,0.0000,135,0.2135,0.0000,1,1706.437,1704.400,1707.597,0.369,180,0.091,0.045,0
"2016-07-28T09:30:00Z","2016-07-28T10:00:00Z",0.2129,0.2129,0.2129,0.0000,170,0.2135,0.0000,0,1706.323,1704.400,1707.597,0.344,180,0.087,0.044,0
"2016-07-28T10:00:00Z","2016-07-28T10:30:00Z",0.2129,0.2129,0.2129,0.0000,180,0.2135,0.0000,0,1706.294,1705.037,1707.597,0.292,180,0.081,0.040,0
"2016-07-28T10:30:00Z","2016-07-28T11:00:00Z",0.2129,0.2129,0.2129,0.0000,180,0.2135,0.0000,0,1706.243,1704.400,1706.955,0.179,125,0.076,0.038,1
"2016-07-28T11:00:00Z","2016-07-28T11:30:00Z",0.2129,0.2129,0.2129,0.0000,180,0.2135,0.0000,0,1706.241,1704.400,1706.955,0.110,121,0.060,0.030,1
"2016-07-28T11:30:00Z","2016-07-28T12:00:00Z",0.2129,0.2129,0.2129,0.0000,180,0.2135,0.0000,0,1706.338,1705.037,1706.955,0.060,109,0.047,0.023,1
"2016-07-28T12:00:00Z","2016-07-28T12:30:00Z",0.2129,0.2129,0.2129,0.0000,87,0.2135,0.0000,1,1706.347,1705.037,1707.597,0.161,59,0.105,0.052,1
"2016-07-28T12:30:00Z","2016-07-28T13:00:00Z",0.2129,0.2129,0.2129,0.0000,180,0.2135,0.0000,0,1706.575,1705.037,1707.597,0.232,180,0.072,0.036,0
"2016-07-28T13:00:00Z","2016-07-28T13:30:00Z",0.2129,0.2129,0.2129,0.0000,180,0.2135,0.0000,0,1706.507,1705.037,1707.597,0.233,180,0.072,0.036,0
"2016-07-28T13:30:00Z","2016-07-28T14:00:00Z",0.2129,0.2129,0.2129,0.0000,180,0.2135,0.0000,0,1706.234,1705.037,1706.955,0.098,126,0.056,0.028,1
"2016-07-28T14:00:00Z","2016-07-28T14:30:00Z",0.2129,0.2129,0.2129,0.0000,170,0.2135,0.0000,0,1706.131,1704.400,1706.955,0.216,166,0.072,0.036,0
"2016-07-28T14:30:00Z","2016-07-28T15:00:00Z",0.2129,0.2129,0.2129,0.0000,136,0.2135,0.0000,1,1706.090,1704.672,1707.229,0.277,180,0.078,0.039,0
"2016-07-28T15:00:00Z","2016-07-28T15:30:00Z",0.2129,0.2129,0.2129,0.0000,180,0.2135,0.0000,0,1705.374,1704.035,1706.587,0.282,180,0.079,0.040,0
"2016-07-28T15:30:00Z","2016-07-28T16:00:00Z",0.2129,0.2129,0.2129,0.0000,173,0.2135,0.0000,0,1704.909,1702.767,1705.948,0.245,180,0.074,0.037,0
"2016-07-28T16:00:00Z","2016-07-28T16:30:00Z",0.2128,0.2128,0.2129,0.0000,159,0.2135,0.0000,1,1704.514,1702.767,1705.581,0.278,180,0.079,0.039,0
"2016-07-28T16:30:00Z","2016-07-28T17:00:00Z",0.2128,0.2128,0.2128,0.0000,109,0.2135,0.0000,1,1703.334,1701.772,1704.307,0.226,110,0.091,0.045,1
"2016-07-28T17:00:00Z","2016-07-28T17:30:00Z",0.2127,0.2126,0.2127,0.0000,146,0.2135,0.0000,0,1701.393,1699.524,1702.675,0.346,160,0.093,0.046,1
"2016-07-28T17:30:00Z","2016-07-28T18:00:00Z",0.2126,0.2125,0.2126,0.0000,169,0.2135,0.0000,0,1700.131,1698.183,1701.050,0.347,180,0.088,0.044,0
"2016-07-28T18:00:00Z","2016-07-28T18:30:00Z",0.2125,0.2125,0.2125,0.0000,158,0.2135,0.0000,1,1698.488,1697.203,1699.434,0.227,180,0.071,0.036,0
"2016-07-28T18:30:00Z","2016-07-28T19:00:00Z",0.2125,0.2125,0.2125,0.0000,178,0.2135,0.0000,0,1697.730,1696.581,1698.450,0.120,180,0.052,0.026,0
"2016-07-28T19:00:00Z","2016-07-28T19:30:00Z",0.2124,0.2124,0.2125,0.0000,157,0.2135,0.0000,1,1696.906,1695.340,1697.469,0.098,180,0.047,0.023,0
"2016-07-28T19:30:00Z","2016-07-28T20:00:00Z",0.2124,0.2123,0.2124,0.0000,163,0.2135,0.0000,0,1696.392,1695.606,1697.469,0.214,180,0.069,0.035,0
"2016-07-28T20:00:00Z","2016-07-28T20:30:00Z",0.2123,0.2123,0.2123,0.0000,174,0.2135,0.0000,0,1696.280,1695.252,1696.757,0.102,180,0.048,0.024,0
"2016-07-28T20:30:00Z","2016-07-28T21:00:00Z",0.2123,0.2122,0.2123,0.0000,143,0.2135,0.0000,1,1696.251,1695.252,1696.757,0.146,180,0.057,0.028,0
"2016-07-28T21:00:00Z","2016-07-28T21:30:00Z",0.2122,0.2122,0.2122,0.0000,173,0.2135,0.0000,0,1696.134,1694.898,1697.023,0.195,180,0.066,0.033,0
"2016-07-28T21:30:00Z","2016-07-28T22:00:00Z",0.2122,0.2122,0.2122,0.0000,174,0.2135,0.0000,0,1696.029,1694.898,1696.402,0.129,174,0.055,0.027,0
"2016-07-28T22:00:00Z","2016-07-28T22:30:00Z",0.2121,0.2121,0.2122,0.0000,150,0.2135,0.0000,1,1695.795,1695.163,1696.667,0.058,178,0.036,0.018,0
"2016-07-28T22:30:00Z","2016-07-28T23:00:00Z",0.2121,0.2121,0.2121,0.0000,171,0.2135,0.0000,0,1694.998,1694.193,1696.047,0.113,180,0.050,0.025,0
"2016-07-28T23:00:00Z","2016-07-28T23:30:00Z",0.2120,0.2120,0.2121,0.0000,159,0.2135,0.0000,1,1694.798,1694.193,1695.074,0.094,180,0.046,0.023,0
"2016-07-28T23:30:00Z","2016-07-29T00:00:00Z",0.2120,0.2120,0.2120,0.0000,180,0.2135,0.0000,0,1694.737,1693.840,1695.074,0.114,161,0.053,0.027,1
"2016-07-29T00:00:00Z","2016-07-29T00:30:00Z",0.2120,0.2120,0.2122,0.0000,111,0.2135,0.0000,1,1696.386,1693.840,1703.297,6.011,111,0.465,0.233,0
"2016-07-29T00:30:00Z","2016-07-29T01:00:00Z",0.2123,0.2123,0.2123,0.0000,56,0.2135,0.0000,1,1706.115,1704.025,1707.213,0.367,69,0.146,0.073,0
"2016-07-29T01:00:00Z","2016-07-29T01:30:00Z",0.2123,0.2123,0.2123,0.0000,180,0.2135,0.0000,0,1706.809,1704.660,1709.140,0.608,180,0.116,0.058,0
"2016-07-29T01:30:00Z","2016-07-29T02:00:00Z",0.2123,0.2123,0.2123,0.0000,180,0.2135,0.0000,0,1706.733,1705.297,1708.497,0.342,180,0.087,0.044,0
"2016-07-29T02:00:00Z","2016-07-29T02:30:00Z",0.2123,0.2122,0.2123,0.0000,147,0.2135,0.0000,1,1706.437,1702.758,1707.485,0.458,180,0.101,0.050,0
"2016-07-29T02:30:00Z","2016-07-29T03:00:00Z",0.2122,0.2122,0.2122,0.0000,161,0.2135,0.0000,1,1706.483,1704.295,1707.485,0.367,180,0.090,0.045,0
"2016-07-29T03:00:00Z","2016-07-29T03:30:00Z",0.2122,0.2122,0.2122,0.0000,180,0.2135,0.0000,0,1706.429,1704.931,1707.485,0.294,180,0.081,0.040,0
"2016-07-29T03:30:00Z","2016-07-29T04:00:00Z",0.2122,0.2122,0.2122,0.0000,180,0.2135,0.0000,0,1705.880,1703.661,1707.485,0.411,180,0.096,0.048,0
"2016-07-29T04:00:00Z","2016-07-29T04:30:00Z",0.2122,0.2122,0.2122,0.0000,144,0.2135,0.0000,1,1705.810,1703.661,1707.116,0.378,180,0.092,0.046,0
"2016-07-29T04:30:00Z","2016-07-29T05:00:00Z",0.2122,0.2122,0.2122,0.0000,178,0.2135,0.0000,0,1706.081,1703.930,1707.116,0.445,180,0.099,0.050,0
"2016-07-29T05:00:00Z","2016-07-29T05:30:00Z",0.2122,0.2122,0.2122,0.0000,180,0.2135,0.0000,0,1706.250,1703.930,1707.116,0.326,180,0.085,0.043,0
"2016-07-29T05:30:00Z","2016-07-29T06:00:00Z",0.2122,0.2122,0.2122,0.0000,179,0.2135,0.0000,0,1706.028,1703.930,1707.116,0.382,180,0.092,0.046,0
"2016-07-29T06:00:00Z","2016-07-29T06:30:00Z",0.2122,0.2121,0.2122,0.0000,143,0.2135,0.0000,1,1706.011,1704.200,1707.116,0.354,180,0.089,0.044,0
"2016-07-29T06:30:00Z","2016-07-29T07:00:00Z",0.2121,0.2121,0.2121,0.0000,153,0.2135,0.0000,1,1705.938,1704.200,1707.388,0.349,180,0.088,0.044,0
"2016-07-29T07:00:00Z","2016-07-29T07:30:00Z",0.2121,0.2121,0.2121,0.0000,180,0.2135,0.0000,0,1705.791,1703.566,1706.748,0.347,180,0.088,0.044,0
"2016-07-29T07:30:00Z","2016-07-29T08:00:00Z",0.2121,0.2121,0.2121,0.0000,180,0.2135,0.0000,0,1705.589,1703.566,1706.748,0.297,180,0.081,0.041,0
"2016-07-29T08:00:00Z","2016-07-29T08:30:00Z",0.2121,0.2121,0.2121,0.0000,180,0.2135,0.0000,0,1705.607,1702.302,1706.748,0.344,180,0.087,0.044,0
"2016-07-29T08:30:00Z","2016-07-29T09:00:00Z",0.2121,0.2121,0.2121,0.0000,112,0.2135,0.0000,1,1705.632,1704.200,1706.748,0.289,112,0.102,0.051,0
"2016-07-29T09:00:00Z","2016-07-29T09:30:00Z",0.2121,0.2121,0.2121,0.0000,147,0.2135,0.0000,1,1705.370,1703.566,1706.748,0.331,158,0.092,0.046,0
"2016-07-29T09:30:00Z","2016-07-29T10:00:00Z",0.2121,0.2121,0.2121,0.0000,179,0.2135,0.0000,0,1705.194,1703.566,1706.110,0.273,180,0.078,0.039,0
"2016-07-29T10:00:00Z","2016-07-29T10:30:00Z",0.2121,0.2120,0.2121,0.0000,174,0.2135,0.0000,0,1705.148,1702.933,1706.380,0.327,180,0.085,0.043,0
"2016-07-29T10:30:00Z","2016-07-29T11:00:00Z",0.2121,0.2120,0.2121,0.0000,130,0.2135,0.0000,1,1705.257,1703.566,1706.380,0.310,180,0.083,0.041,0
"2016-07-29T11:00:00Z","2016-07-29T11:30:00Z",0.2120,0.2120,0.2121,0.0000,148,0.2135,0.0000,1,1705.388,1703.566,1706.380,0.264,180,0.077,0.038,0
"2016-07-29T11:30:00Z","2016-07-29T12:00:00Z",0.2120,0.2120,0.2120,0.0000,178,0.2135,0.0000,0,1705.595,1703.836,1706.380,0.318,180,0.084,0.042,0
"2016-07-29T12:00:00Z","2016-07-29T12:30:00Z",0.2120,0.2120,0.2120,0.0000,112,0.2135,0.0000,1,1705.356,1703.836,1706.380,0.331,112,0.109,0.054,0
"2016-07-29T12:30:00Z","2016-07-29T13:00:00Z",0.2120,0.2120,0.2120,0.0000,158,0.2135,0.0000,1,1706.017,1703.836,1707.019,0.432,158,0.105,0.052,0
"2016-07-29T13:00:00Z","2016-07-29T13:30:00Z",0.2120,0.2120,0.2129,0.0000,167,0.2135,0.0000,0,1706.303,1703.401,1707.660,0.602,180,0.116,0.058,0
"2016-07-29T13:30:00Z","2016-07-29T14:00:00Z",0.2120,0.2120,0.2120,0.0000,99,0.2135,0.0000,1,1706.509,1705.106,1707.660,0.332,112,0.109,0.054,1
"2016-07-29T14:00:00Z","2016-07-29T14:30:00Z",0.2119,0.2119,0.2119,0.0000,157,0.2135,0.0000,0,1706.015,1704.105,1707.290,0.444,158,0.106,0.053,1
"2016-07-29T14:30:00Z","2016-07-29T15:00:00Z",0.2119,0.2119,0.2119,0.0000,153,0.2135,0.0000,1,1704.643,1703.107,1706.013,0.363,180,0.090,0.045,0
"2016-07-29T15:00:00Z","2016-07-29T15:30:00Z",0.2118,0.2118,0.2119,0.0000,159,0.2135,0.0000,1,1702.657,1700.855,1704.374,0.564,180,0.112,0.056,0
"2016-07-29T15:30:00Z","2016-07-29T16:00:00Z",0.2117,0.2117,0.2118,0.0000,174,0.2135,0.0000,0,1701.089,1699.867,1702.113,0.173,180,0.062,0.031,0
"2016-07-29T16:00:00Z","2016-07-29T16:30:00Z",0.2117,0.2116,0.2117,0.0000,170,0.2135,0.0000,0,1700.218,1698.883,1701.122,0.314,180,0.084,0.042,0
"2016-07-29T16:30:00Z","2016-07-29T17:00:00Z",0.2116,0.2116,0.2116,0.0000,171,0.2135,0.0000,0,1699.144,1697.902,1700.134,0.150,180,0.058,0.029,0
"2016-07-29T17:00:00Z","2016-07-29T17:30:00Z",0.2115,0.2115,0.2116,0.0000,165,0.2135,0.0000,0,1698.094,1696.924,1699.149,0.172,180,0.062,0.031,0
"2016-07-29T17:30:00Z","2016-07-29T18:00:00Z",0.2114,0.2114,0.2115,0.0000,166,0.2135,0.0000,0,1697.037,1695.949,1698.167,0.140,180,0.056,0.028,0
"2016-07-29T18:00:00Z","2016-07-29T18:30:00Z",0.2113,0.2113,0.2114,0.0000,165,0.2135,0.0000,0,1696.132,1694.977,1697.189,0.255,180,0.075,0.038,0
"2016-07-29T18:30:00Z","2016-07-29T19:00:00Z",0.2113,0.2112,0.2113,0.0000,156,0.2135,0.0000,1,1695.465,1694.361,1696.476,0.118,180,0.051,0.026,0
"2016-07-29T19:00:00Z","2016-07-29T19:30:00Z",0.2112,0.2112,0.2112,0.0000,180,0.2135,0.0000,0,1695.870,1694.623,1696.476,0.050,145,0.037,0.019,1
"2016-07-29T19:30:00Z","2016-07-29T20:00:00Z",0.2112,0.2112,0.2112,0.0000,160,0.2135,0.0000,1,1695.827,1694.886,1696.476,0.113,180,0.050,0.025,0
"2016-07-29T20:00:00Z","2016-07-29T20:30:00Z",0.2111,0.2111,0.2112,0.0000,172,0.2135,0.0000,0,1695.206,1693.917,1695.766,0.114,180,0.050,0.025,0
"2016-07-29T20:30:00Z","2016-07-29T21:00:00Z",0.2111,0.2111,0.2111,0.0000,105,0.2135,0.0000,1,1694.982,1694.532,1695.411,0.081,113,0.053,0.027,0
"2016-07-29T21:00:00Z","2016-07-29T21:30:00Z",0.2110,0.2109,0.2110,0.0000,143,0.2135,0.0000,1,1694.524,1693.565,1695.411,0.113,157,0.054,0.027,0
"2016-07-29T21:30:00Z","2016-07-29T22:00:00Z",0.2109,0.2109,0.2110,0.0000,109,0.2135,0.0000,1,1694.392,1693.827,1695.057,0.029,112,0.032,0.016,0
"2016-07-29T22:00:00Z","2016-07-29T22:30:00Z",0.2109,0.2109,0.2109,0.0000,149,0.2135,0.0000,1,1693.921,1692.601,1694.703,0.118,147,0.057,0.028,0
"2016-07-29T22:30:00Z","2016-07-29T23:00:00Z",0.2109,0.2109,0.2109,0.0000,172,0.2135,0.0000,0,1693.909,1692.861,1694.350,0.081,149,0.047,0.023,1
"2016-07-29T23:00:00Z","2016-07-29T23:30:00Z",0.2108,0.2108,0.2109,0.0000,160,0.2135,0.0000,1,1693.923,1692.510,1694.350,0.161,180,0.060,0.030,0
"2016-07-29T23:30:00Z","2016-07-30T00:00:00Z",0.2116,0.2108,0.2124,0.0000,180,0.2135,0.0001,0,1711.527,1693.122,1726.985,162.723,177,1.918,0.959,0
"2016-07-30T00:00:00Z","2016-07-30T00:30:00Z",0.2119,0.2116,0.2123,0.0000,179,0.2135,0.0000,0,1717.233,1708.746,1725.632,20.749,180,0.679,0.340,0
"2016-07-30T00:30:00Z","2016-07-30T01:00:00Z",0.2114,0.2112,0.2116,0.0000,172,0.2135,0.0000,0,1708.308,1705.892,1712.520,1.480,180,0.181,0.091,0
"2016-07-30T01:00:00Z","2016-07-30T01:30:00Z",0.2111,0.2110,0.2112,0.0000,169,0.2135,0.0000,0,1706.240,1702.629,1709.360,0.969,180,0.147,0.073,0
"2016-07-30T01:30:00Z","2016-07-30T02:00:00Z",0.2110,0.2109,0.2110,0.0000,171,0.2135,0.0000,0,1705.238,1703.527,1707.338,0.501,180,0.106,0.053,0
"2016-07-30T02:00:00Z","2016-07-30T02:30:00Z",0.2109,0.2109,0.2109,0.0000,168,0.2135,0.0000,0,1704.650,1702.169,1706.331,0.684,180,0.123,0.062,0
"2016-07-30T02:30:00Z","2016-07-30T03:00:00Z",0.2108,0.2108,0.2109,0.0000,168,0.2135,0.0000,0,1704.118,1701.807,1705.596,0.600,180,0.115,0.058,0
"2016-07-30T03:00:00Z","2016-07-30T03:30:00Z",0.2108,0.2107,0.2108,0.0000,161,0.2135,0.0000,1,1703.580,1701.179,1704.961,0.560,180,0.112,0.056,0
"2016-07-30T03:30:00Z","2016-07-30T04:00:00Z",0.2107,0.2107,0.2107,0.0000,179,0.2135,0.0000,0,1703.355,1702.072,1704.595,0.367,180,0.090,0.045,0
"2016-07-30T04:00:00Z","2016-07-30T04:30:00Z",0.2107,0.2106,0.2107,0.0000,149,0.2135,0.0000,1,1703.048,1700.817,1704.863,0.597,180,0.115,0.058,0
"2016-07-30T04:30:00Z","2016-07-30T05:00:00Z",0.2106,0.2106,0.2106,0.0000,168,0.2135,0.0000,0,1702.954,1700.817,1704.230,0.379,180,0.092,0.046,0
"2016-07-30T05:00:00Z","2016-07-30T05:30:00Z",0.2106,0.2106,0.2106,0.0000,180,0.2135,0.0000,0,1702.720,1701.082,1704.230,0.449,180,0.100,0.050,0
"2016-07-30T05:30:00Z","2016-07-30T06:00:00Z",0.2106,0.2106,0.2106,0.0000,175,0.2135,0.0000,0,1702.605,1699.832,1703.864,0.412,180,0.096,0.048,0
"2016-07-30T06:00:00Z","2016-07-30T06:30:00Z",0.2106,0.2106,0.2106,0.0000,132,0.2135,0.0000,1,1702.600,1700.721,1703.864,0.437,180,0.099,0.049,0
"2016-07-30T06:30:00Z","2016-07-30T07:00:00Z",0.2106,0.2106,0.2106,0.0000,179,0.2135,0.0000,0,1702.540,1700.721,1703.864,0.416,180,0.096,0.048,0
"2016-07-30T07:00:00Z","2016-07-30T07:30:00Z",0.2106,0.2106,0.2106,0.0000,180,0.2135,0.0000,0,1702.374,1700.096,1703.864,0.520,180,0.108,0.054,0
"2016-07-30T07:30:00Z","2016-07-30T08:00:00Z",0.2106,0.2106,0.2106,0.0000,113,0.2135,0.0000,1,1702.309,1700.721,1703.864,0.509,113,0.134,0.067,0
"2016-07-30T08:00:00Z","2016-07-30T08:30:00Z",0.2106,0.2106,0.2106,0.0000,157,0.2135,0.0000,1,1702.052,1700.721,1703.864,0.381,157,0.099,0.049,0
"2016-07-30T08:30:00Z","2016-07-30T09:00:00Z",0.2106,0.2105,0.2106,0.0000,145,0.2135,0.0000,1,1701.855,1700.096,1703.500,0.395,180,0.094,0.047,0
"2016-07-30T09:00:00Z","2016-07-30T09:30:00Z",0.2105,0.2105,0.2106,0.0000,143,0.2135,0.0000,1,1701.791,1699.736,1703.234,0.474,180,0.103,0.051,0
"2016-07-30T09:30:00Z","2016-07-30T10:00:00Z",0.2105,0.2105,0.2105,0.0000,179,0.2135,0.0000,0,1701.831,1699.736,1703.500,0.430,180,0.098,0.049,0
"2016-07-30T10:00:00Z","2016-07-30T10:30:00Z",0.2105,0.2105,0.2105,0.0000,180,0.2135,0.0000,0,1701.833,1699.736,1703.500,0.420,180,0.097,0.048,0
"2016-07-30T10:30:00Z","2016-07-30T11:00:00Z",0.2105,0.2105,0.2105,0.0000,180,0.2135,0.0000,0,1701.822,1699.113,1703.500,0.444,180,0.099,0.050,0
"2016-07-30T11:00:00Z","2016-07-30T11:30:00Z",0.2105,0.2105,0.2105,0.0000,172,0.2135,0.0000,0,1701.890,1699.736,1703.500,0.464,180,0.101,0.051,0
"2016-07-30T11:30:00Z","2016-07-30T12:00:00Z",0.2105,0.2104,0.2105,0.0000,133,0.2135,0.0000,1,1701.790,1700.000,1703.766,0.381,180,0.092,0.046,0
"2016-07-30T12:00:00Z","2016-07-30T12:30:00Z",0.2104,0.2104,0.2104,0.0000,110,0.2135,0.0000,1,1701.644,1700.000,1703.135,0.477,113,0.130,0.065,0
"2016-07-30T12:30:00Z","2016-07-30T13:00:00Z",0.2104,0.2104,0.2104,0.0000,157,0.2135,0.0000,1,1701.487,1699.376,1703.135,0.571,157,0.121,0.060,0
"2016-07-30T13:00:00Z","2016-07-30T13:30:00Z",0.2104,0.2104,0.2104,0.0000,151,0.2135,0.0000,1,1701.600,1700.000,1703.401,0.451,180,0.100,0.050,0
"2016-07-30T13:30:00Z","2016-07-30T14:00:00Z",0.2103,0.2103,0.2104,0.0000,158,0.2135,0.0000,1,1701.911,1700.264,1703.401,0.374,180,0.091,0.046,0
"2016-07-30T14:00:00Z","2016-07-30T14:30:00Z",0.2103,0.2103,0.2103,0.0000,166,0.2135,0.0000,0,1701.608,1700.264,1703.401,0.459,180,0.101,0.051,0
"2016-07-30T14:30:00Z","2016-07-30T15:00:00Z",0.2103,0.2103,0.2103,0.0000,173,0.2135,0.0000,0,1700.678,1698.658,1702.407,0.371,180,0.091,0.045,0
"2016-07-30T15:00:00Z","2016-07-30T15:30:00Z",0.2103,0.2102,0.2103,0.0000,179,0.2135,0.0000,0,1700.004,1698.036,1701.153,0.319,180,0.084,0.042,0
"2016-07-30T15:30:00Z","2016-07-30T16:00:00Z",0.2102,0.2102,0.2102,0.0000,180,0.2135,0.0000,0,1699.505,1698.299,1700.792,0.261,180,0.076,0.038,0
"2016-07-30T16:00:00Z","2016-07-30T16:30:00Z",0.2101,0.2101,0.2102,0.0000,165,0.2135,0.0000,0,1698.135,1696.703,1699.543,0.497,180,0.105,0.053,0
"2016-07-30T16:30:00Z","2016-07-30T17:00:00Z",0.2100,0.2099,0.2101,0.0000,166,0.2135,0.0000,0,1696.512,1694.500,1697.583,0.329,180,0.086,0.043,0
"2016-07-30T17:00:00Z","2016-07-30T17:30:00Z",0.2099,0.2099,0.2099,0.0000,168,0.2135,0.0000,0,1695.111,1694.147,1695.991,0.192,180,0.065,0.033,0
"2016-07-30T17:30:00Z","2016-07-30T18:00:00Z",0.2098,0.2098,0.2099,0.0000,169,0.2135,0.0000,0,1694.061,1692.830,1695.021,0.131,180,0.054,0.027,0
"2016-07-30T18:00:00Z","2016-07-30T18:30:00Z",0.2097,0.2096,0.2098,0.0000,159,0.2135,0.0000,1,1693.293,1692.478,1694.053,0.130,180,0.054,0.027,0
"2016-07-30T18:30:00Z","2016-07-30T19:00:00Z",0.2096,0.2096,0.2096,0.0000,167,0.2135,0.0000,0,1692.720,1692.127,1693.348,0.087,180,0.044,0.022,0
"2016-07-30T19:00:00Z","2016-07-30T19:30:00Z",0.2096,0.2095,0.2096,0.0000,169,0.2135,0.0000,0,1691.968,1691.168,1692.385,0.103,180,0.048,0.024,0
"2016-07-30T19:30:00Z","2016-07-30T20:00:00Z",0.2095,0.2095,0.2095,0.0000,167,0.2135,0.0000,0,1691.518,1690.819,1692.034,0.074,180,0.041,0.020,0
"2016-07-30T20:00:00Z","2016-07-30T20:30:00Z",0.2094,0.2094,0.2095,0.0000,174,0.2135,0.0000,0,1690.928,1689.864,1691.683,0.145,180,0.057,0.028,0
"2016-07-30T20:30:00Z","2016-07-30T21:00:00Z",0.2094,0.2093,0.2094,0.0000,158,0.2135,0.0000,1,1690.321,1688.912,1690.726,0.300,180,0.082,0.041,0
"2016-07-30T21:00:00Z","2016-07-30T21:30:00Z",0.2093,0.2093,0.2093,0.0000,148,0.2135,0.0000,1,1688.828,1687.963,1689.772,0.112,180,0.050,0.025,0
"2016-07-30T21:30:00Z","2016-07-30T22:00:00Z",0.2093,0.2092,0.2093,0.0000,171,0.2135,0.0000,0,1687.659,1686.763,1687.963,0.092,180,0.045,0.023,0
"2016-07-30T22:00:00Z","2016-07-30T22:30:00Z",0.2092,0.2092,0.2093,0.0000,145,0.2135,0.0000,1,1687.619,1686.763,1688.219,0.096,180,0.046,0.023,0
"2016-07-30T22:30:00Z","2016-07-30T23:00:00Z",0.2092,0.2091,0.2092,0.0000,171,0.2135,0.0000,0,1688.221,1687.017,1688.821,0.058,180,0.036,0.018,0
"2016-07-30T23:00:00Z","2016-07-30T23:30:00Z",0.2091,0.2091,0.2092,0.0000,161,0.2135,0.0000,1,1687.353,1687.017,1687.872,0.042,174,0.031,0.016,0
"2016-07-30T23:30:00Z","2016-07-31T00:00:00Z",0.2091,0.2091,0.2091,0.0000,171,0.2135,0.0000,0,1687.392,1686.672,1688.127,0.068,174,0.040,0.020,0
"2016-07-31T00:00:00Z","2016-07-31T00:30:00Z",0.2090,0.2090,0.2091,0.0000,162,0.2135,0.0000,1,1687.889,1686.926,1688.127,0.084,180,0.043,0.022,0
"2016-07-31T00:30:00Z","2016-07-31T01:00:00Z",0.2090,0.2090,0.2090,0.0000,90,0.2135,0.0000,0,1687.593,1686.926,1688.127,0.059,63,0.061,0.031,1
"2016-07-31T01:00:00Z","2016-07-31T01:30:00Z",0.2090,0.2090,0.2090,0.0000,179,0.2135,0.0000,0,1687.538,1686.926,1688.127,0.012,154,0.017,0.009,1
"2016-07-31T01:30:00Z","2016-07-31T02:00:00Z",0.2090,0.2090,0.2090,0.0000,102,0.2135,0.0000,1,1687.449,1686.926,1687.526,0.039,75,0.046,0.023,1
"2016-07-31T02:00:00Z","2016-07-31T02:30:00Z",0.2090,0.2090,0.2090,0.0000,123,0.2135,0.0000,1,1688.174,1687.180,1689.587,0.285,156,0.086,0.043,0
"2016-07-31T02:30:00Z","2016-07-31T03:00:00Z",0.2090,0.2090,0.2090,0.0000,126,0.2135,0.0000,1,1689.178,1688.382,1689.587,0.106,180,0.049,0.024,0
"2016-07-31T03:00:00Z","2016-07-31T03:30:00Z",0.2090,0.2090,0.2090,0.0000,133,0.2135,0.0000,1,1689.440,1688.729,1690.191,0.065,180,0.038,0.019,0
"2016-07-31T03:30:00Z","2016-07-31T04:00:00Z",0.2090,0.2090,0.2090,0.0000,135,0.2135,0.0000,1,1689.751,1688.729,1690.191,0.160,180,0.060,0.030,0
"2016-07-31T04:00:00Z","2016-07-31T04:30:00Z",0.2089,0.2087,0.2090,0.0000,152,0.2135,0.0000,1,1690.001,1688.729,1690.958,0.169,180,0.061,0.031,0
"2016-07-31T04:30:00Z","2016-07-31T05:00:00Z",0.2090,0.2090,0.2090,0.0000,174,0.2135,0.0000,0,1690.220,1688.984,1690.796,0.211,180,0.068,0.034,0
"2016-07-31T05:00:00Z","2016-07-31T05:30:00Z",0.2090,0.2088,0.2090,0.0000,164,0.2135,0.0000,0,1690.776,1689.587,1691.402,0.051,135,0.039,0.019,1
"2016-07-31T05:30:00Z","2016-07-31T06:00:00Z",0.2090,0.2090,0.2090,0.0000,142,0.2135,0.0000,1,1690.733,1689.587,1691.402,0.117,155,0.055,0.027,1
"2016-07-31T06:00:00Z","2016-07-31T06:30:00Z",0.2091,0.2090,0.2095,0.0000,161,0.2135,0.0000,1,1690.426,1688.310,1691.402,0.319,180,0.084,0.042,0
"2016-07-31T06:30:00Z","2016-07-31T07:00:00Z",0.2092,0.2090,0.2096,0.0000,165,0.2135,0.0000,0,1690.357,1688.656,1691.402,0.497,180,0.105,0.053,0
"2016-07-31T07:00:00Z","2016-07-31T07:30:00Z",0.2091,0.2090,0.2095,0.0000,159,0.2135,0.0000,1,1690.651,1688.912,1691.753,0.308,180,0.083,0.041,0
"2016-07-31T07:30:00Z","2016-07-31T08:00:00Z",0.2090,0.2090,0.2090,0.0000,172,0.2135,0.0000,0,1691.447,1690.540,1692.010,0.129,170,0.055,0.028,0
"2016-07-31T08:00:00Z","2016-07-31T08:30:00Z",0.2090,0.2090,0.2090,0.0000,178,0.2135,0.0000,0,1691.758,1691.146,1692.361,0.026,129,0.028,0.014,1
"2016-07-31T08:30:00Z","2016-07-31T09:00:00Z",0.2090,0.2090,0.2090,0.0000,180,0.2135,0.0000,0,1692.109,1691.146,1692.361,0.121,147,0.057,0.029,1
"2016-07-31T09:00:00Z","2016-07-31T09:30:00Z",0.2090,0.2090,0.2090,0.0000,180,0.2135,0.0000,0,1692.361,1691.753,1692.970,0.012,123,0.020,0.010,1
"2016-07-31T09:30:00Z","2016-07-31T10:00:00Z",0.2090,0.2090,0.2091,0.0000,138,0.2135,0.0000,1,1692.245,1690.284,1692.970,0.169,170,0.063,0.032,0
"2016-07-31T10:00:00Z","2016-07-31T10:30:00Z",0.2091,0.2091,0.2091,0.0000,98,0.2135,0.0000,1,1692.284,1690.889,1692.970,0.153,114,0.073,0.037,0
"2016-07-31T10:30:00Z","2016-07-31T11:00:00Z",0.2091,0.2091,0.2091,0.0000,156,0.2135,0.0000,1,1692.517,1691.496,1692.713,0.112,121,0.061,0.030,1
"2016-07-31T11:00:00Z","2016-07-31T11:30:00Z",0.2091,0.2091,0.2091,0.0000,180,0.2135,0.0000,0,1692.639,1691.496,1693.323,0.070,123,0.048,0.024,1
"2016-07-31T11:30:00Z","2016-07-31T12:00:00Z",0.2091,0.2091,0.2091,0.0000,180,0.2135,0.0000,0,1692.713,1692.713,1692.713,0.000,130,0.000,0.000,1
"2016-07-31T12:00:00Z","2016-07-31T12:30:00Z",0.2091,0.2091,0.2091,0.0000,180,0.2135,0.0000,0,1692.694,1692.104,1692.713,0.011,128,0.019,0.009,1
"2016-07-31T12:30:00Z","2016-07-31T13:00:00Z",0.2091,0.2091,0.2091,0.0000,180,0.2135,0.0000,0,1692.669,1691.496,1693.323,0.055,125,0.042,0.021,1
"2016-07-31T13:00:00Z","2016-07-31T13:30:00Z",0.2091,0.2091,0.2091,0.0000,180,0.2135,0.0000,0,1693.001,1691.496,1693.323,0.172,180,0.062,0.031,0
"2016-07-31T13:30:00Z","2016-07-31T14:00:00Z",0.2091,0.2091,0.2091,0.0000,173,0.2135,0.0000,0,1692.902,1692.104,1693.580,0.145,180,0.057,0.028,0
"2016-07-31T14:00:00Z","2016-07-31T14:30:00Z",0.2091,0.2090,0.2091,0.0000,134,0.2135,0.0000,1,1692.191,1690.889,1692.970,0.196,180,0.066,0.033,0
"2016-07-31T14:30:00Z","2016-07-31T15:00:00Z",0.2090,0.2090,0.2090,0.0000,180,0.2135,0.0000,0,1690.752,1689.935,1691.753,0.314,180,0.083,0.042,0
"2016-07-31T15:00:00Z","2016-07-31T15:30:00Z",0.2090,0.2090,0.2090,0.0000,149,0.2135,0.0000,1,1689.359,1688.382,1690.191,0.153,180,0.058,0.029,0
"2016-07-31T15:30:00Z","2016-07-31T16:00:00Z",0.2090,0.2090,0.2090,0.0000,180,0.2135,0.0000,0,1688.669,1687.781,1689.587,0.127,180,0.053,0.027,0
"2016-07-31T16:00:00Z","2016-07-31T16:30:00Z",0.2090,0.2090,0.2090,0.0000,180,0.2135,0.0000,0,1687.654,1687.180,1688.382,0.089,180,0.044,0.022,0
"2016-07-31T16:30:00Z","2016-07-31T17:00:00Z",0.2089,0.2089,0.2090,0.0000,129,0.2135,0.0000,1,1686.789,1685.984,1687.435,0.072,167,0.041,0.021,0
"2016-07-31T17:00:00Z","2016-07-31T17:30:00Z",0.2089,0.2089,0.2089,0.0000,166,0.2135,0.0000,0,1686.946,1686.237,1687.435,0.072,163,0.042,0.021,0
"2016-07-31T17:30:00Z","2016-07-31T18:00:00Z",0.2089,0.2089,0.2089,0.0000,162,0.2135,0.0000,1,1687.435,1687.435,1687.435,0.000,150,0.000,0.000,1
"2016-07-31T18:00:00Z","2016-07-31T18:30:00Z",0.2089,0.2089,0.2090,0.0000,112,0.2135,0.0000,1,1687.212,1686.582,1688.035,0.116,173,0.052,0.026,0
"2016-07-31T18:30:00Z","2016-07-31T19:00:00Z",0.2089,0.2089,0.2089,0.0000,180,0.2135,0.0000,0,1686.835,1686.835,1686.835,0.000,166,0.000,0.000,0
"2016-07-31T19:00:00Z","2016-07-31T19:30:00Z",0.2089,0.2089,0.2089,0.0000,173,0.2135,0.0000,0,1686.151,1685.044,1686.835,0.152,180,0.058,0.029,0
"2016-07-31T19:30:00Z","2016-07-31T20:00:00Z",0.2089,0.2088,0.2089,0.0000,127,0.2135,0.0000,1,1685.707,1685.044,1685.893,0.029,180,0.025,0.013,0
"2016-07-31T20:00:00Z","2016-07-31T20:30:00Z",0.2088,0.2088,0.2090,0.0000,158,0.2135,0.0000,1,1686.007,1684.701,1688.382,0.597,180,0.115,0.058,0
"2016-07-31T20:30:00Z","2016-07-31T21:00:00Z",0.2090,0.2090,0.2090,0.0000,179,0.2135,0.0000,0,1690.395,1687.781,1691.052,0.377,180,0.092,0.046,0
"2016-07-31T21:00:00Z","2016-07-31T21:30:00Z",0.2090,0.2090,0.2090,0.0000,178,0.2135,0.0000,0,1691.561,1690.191,1692.266,0.261,180,0.076,0.038,0
"2016-07-31T21:30:00Z","2016-07-31T22:00:00Z",0.2090,0.2089,0.2090,0.0000,143,0.2135,0.0000,1,1691.404,1690.191,1692.266,0.164,180,0.060,0.030,0
"2016-07-31T22:00:00Z","2016-07-31T22:30:00Z",0.2089,0.2089,0.2090,0.0000,147,0.2135,0.0000,1,1690.953,1689.587,1691.659,0.100,180,0.047,0.024,0
"2016-07-31T22:30:00Z","2016-07-31T23:00:00Z",0.2089,0.2089,0.2089,0.0000,166,0.2135,0.0000,0,1691.359,1690.191,1691.659,0.108,180,0.049,0.025,0
"2016-07-31T23:00:00Z","2016-07-31T23:30:00Z",0.2089,0.2089,0.2089,0.0000,170,0.2135,0.0000,0,1691.854,1690.447,1692.266,0.220,169,0.072,0.036,0
"2016-07-31T23:30:00Z","2016-08-01T00:00:00Z",0.2089,0.2089,0.2089,0.0000,180,0.2135,0.0000,0,1692.219,1691.052,1692.875,0.037,141,0.033,0.016,1
